Date,Open,High,Low,Close,Adj Close,Volume
2000-01-03,25.15625,26.0625,24.75,24.90625,17.880041000000002,1369400
2000-01-04,24.65625,24.78125,24.3125,24.46875,17.565962,983600
2000-01-05,24.46875,25.34375,24.46875,24.90625,17.880041000000002,3410600
2000-01-06,24.90625,26.84375,24.84375,26.75,19.203653,2463600
2000-01-07,26.625,26.96875,26.21875,26.78125,19.22608,2128400
2000-01-10,26.59375,26.875,26.46875,26.8125,19.248522,1391600
2000-01-11,26.6875,27.46875,26.6875,27.25,19.562604999999998,2303600
2000-01-12,27.125,27.4375,26.28125,26.78125,19.22608,1497600
2000-01-13,26.75,27.28125,26.40625,26.40625,18.956879,1135200
2000-01-14,26.71875,27.0,26.65625,26.71875,19.181217,995200
2000-01-18,26.21875,26.28125,25.1875,25.5625,18.35116,1185000
2000-01-19,25.1875,25.21875,24.3125,24.59375,17.655699,1538400
2000-01-20,24.46875,24.46875,22.75,23.6875,17.005108,1869400
2000-01-21,23.8125,23.875,23.34375,23.4375,16.825628,1574400
2000-01-24,23.3125,24.5,23.125,24.375,17.498657,2158000
2000-01-25,23.375,23.5,21.1875,21.96875,15.771222,3920200
2000-01-26,21.96875,22.375,21.125,21.46875,15.412276,2475200
2000-01-27,21.125,22.0,21.0625,21.875,15.703923999999999,2670800
2000-01-28,21.6875,21.75,20.0,20.40625,14.649521,2028200
2000-01-31,20.5,20.5,19.25,20.375,14.627082000000001,2810000
2000-02-01,20.25,20.625,19.78125,20.5,14.716825,2200800
2000-02-02,20.5,20.5,19.0,19.5,13.998928,3565200
2000-02-03,19.9375,20.78125,19.875,20.25,14.537343,3135600
2000-02-04,20.125,20.875,20.09375,20.6875,14.851425,2354600
2000-02-07,20.8125,21.1875,20.625,21.0,15.075763,3286000
2000-02-08,20.5625,21.0,20.3125,20.34375,14.60465,1675600
2000-02-09,20.21875,20.21875,19.53125,19.6875,14.133529999999999,2568400
2000-02-10,19.6875,19.9375,18.875,19.21875,13.797011999999999,2178600
2000-02-11,19.09375,19.125,18.5625,18.8125,13.505369,2328800
2000-02-14,18.6875,19.5,18.5,19.40625,13.931623000000002,1752400
2000-02-15,19.1875,20.3125,19.125,20.125,14.447609,3780000
2000-02-16,20.1875,20.8125,19.9375,20.53125,14.739254,2291200
2000-02-17,20.40625,21.0,20.375,20.4375,14.671948,1514200
2000-02-18,20.25,20.375,19.6875,19.8125,14.223263000000001,1340400
2000-02-22,19.6875,19.875,19.5625,19.75,14.178398999999999,1890800
2000-02-23,19.875,20.25,19.1875,19.1875,13.77459,2666000
2000-02-24,19.21875,19.21875,17.5625,17.96875,12.899653,2292200
2000-02-25,17.90625,18.125,17.5625,17.75,12.742614999999999,1495200
2000-02-28,17.5625,18.0625,17.4375,17.65625,12.675314,1979200
2000-02-29,17.5625,17.6875,16.6875,16.875,12.114453,2777800
2000-03-01,17.0,17.0625,16.5,16.65625,11.957417,1595600
2000-03-02,16.6875,16.9375,16.1875,16.34375,11.733072,1540400
2000-03-03,16.5,17.4375,16.5,17.0625,12.307422,3211600
2000-03-06,16.875,17.25,16.8125,16.9375,12.217257,2260200
2000-03-07,16.84375,16.875,15.9375,16.03125,11.563566999999999,1034800
2000-03-08,16.125,16.5,15.9375,16.0625,11.586107,2256400
2000-03-09,16.0625,16.0625,15.6875,15.90625,11.473400999999999,1279000
2000-03-10,15.875,17.25,15.875,16.75,12.082011,2692200
2000-03-13,16.625,17.0,16.125,16.6875,12.03692,1626000
2000-03-14,16.8125,17.1875,16.6875,16.8125,12.127092,1874600
2000-03-15,16.9375,19.5,16.9375,18.625,13.434472,2931400
2000-03-16,18.8125,20.25,18.75,20.03125,14.448812,3434000
2000-03-17,19.75,19.78125,17.96875,18.5,13.344304000000001,2063200
2000-03-20,18.75,19.875,18.75,19.0,13.704967000000002,1126600
2000-03-21,19.0625,19.625,18.875,19.46875,14.043087,1242000
2000-03-22,19.21875,19.25,18.5625,18.8125,13.569721,1736600
2000-03-23,18.78125,19.6875,18.78125,18.875,13.614798,1291000
2000-03-24,18.5,19.5625,18.5,19.40625,13.998003,1361400
2000-03-27,19.40625,19.78125,19.03125,19.09375,13.772584,1354400
2000-03-28,19.03125,20.28125,19.03125,19.375,13.975454999999998,1548000
2000-03-29,19.625,20.25,19.625,19.90625,14.358656,1575000
2000-03-30,20.0,21.59375,19.8125,20.71875,14.944725,2351400
2000-03-31,20.75,21.375,20.125,20.8125,15.012347,1894400
2000-04-03,20.6875,21.0625,20.375,20.84375,15.034892999999999,1019000
2000-04-04,21.0625,21.5625,20.234381,20.9375,15.102517,2181200
2000-04-05,20.8125,21.25,19.8125,20.5,14.786934,1260000
2000-04-06,20.625,21.125,20.53125,20.96875,15.12505,1317800
2000-04-07,20.65625,20.84375,20.5625,20.6875,14.922188,929400
2000-04-10,20.8125,21.0625,20.625,20.75,14.967267000000001,963400
2000-04-11,20.5625,22.375,20.53125,22.28125,16.071776999999997,2230200
2000-04-12,21.78125,22.5625,21.75,22.15625,15.981615,1629800
2000-04-13,22.25,22.25,21.3125,21.4375,15.463170999999999,832400
2000-04-14,21.0,21.125,19.875,19.9375,14.381195000000002,1966200
2000-04-17,20.0,20.3125,19.4375,19.96875,14.403735999999999,1165600
2000-04-18,19.84375,19.875,18.75,19.03125,13.727503,1422200
2000-04-19,19.3125,19.59375,18.96875,19.25,13.885295000000001,1347400
2000-04-20,19.125,21.8125,19.125,21.03125,15.170135,2534000
2000-04-24,21.0,21.65625,20.75,21.09375,15.215214000000001,2424200
2000-04-25,20.75,21.5,20.75,21.375,15.418088000000001,1858200
2000-04-26,21.375,22.125,21.125,21.75,15.688573000000002,2848400
2000-04-27,21.0,21.96875,21.0,21.8125,15.733665,1737800
2000-04-28,21.8125,22.65625,21.71875,22.21875,16.026703,2131200
2000-05-01,22.0,22.53125,21.6875,22.5,16.229563,1605400
2000-05-02,22.5,23.5625,22.34375,23.375,16.860718,1765200
2000-05-03,23.0625,23.3125,22.90625,22.9375,16.545135000000002,1554200
2000-05-04,22.8125,22.875,22.625,22.75,16.409889,2043800
2000-05-05,22.625,23.25,22.625,23.0625,16.635310999999998,901000
2000-05-08,22.9375,23.5,22.75,22.84375,16.477524,816600
2000-05-09,22.8125,22.9375,22.3125,22.625,16.319725,997000
2000-05-10,22.5,22.71875,22.09375,22.09375,15.936539999999999,1222000
2000-05-11,22.3125,22.90625,22.28125,22.6875,16.364807,1380200
2000-05-12,22.59375,22.6875,22.0625,22.46875,16.207027,883800
2000-05-15,22.0,23.25,21.8125,23.0,16.590219,1148600
2000-05-16,23.0,23.0,22.625,22.75,16.409889,754000
2000-05-17,22.5625,22.9375,22.3125,22.5,16.229563,631600
2000-05-18,22.375,22.75,22.3125,22.75,16.409889,808400
2000-05-19,22.625,23.21875,22.59375,22.9375,16.545135000000002,1264200
2000-05-22,23.125,23.75,22.8125,23.25,16.770554,1183800
2000-05-23,23.25,24.1875,23.25,23.96875,17.288992,2124800
2000-05-24,23.6875,23.6875,23.1875,23.59375,17.018501,1495800
2000-05-25,23.5,23.5625,21.84375,22.25,16.049232,1565000
2000-05-26,21.875,21.875,20.5,21.03125,15.170135,3445200
2000-05-30,21.125,21.21875,20.0625,20.9375,15.102517,3105400
2000-05-31,20.8125,21.4375,20.6875,21.0,15.147594,1472200
2000-06-01,21.1875,21.1875,20.53125,20.71875,14.944725,1301200
2000-06-02,20.75,20.78125,20.40625,20.4375,14.741851,1708400
2000-06-05,20.46875,20.84375,20.0,20.34375,14.730094,956000
2000-06-06,20.125,20.34375,20.125,20.25,14.66221,1105000
2000-06-07,20.125,20.3125,19.8125,19.875,14.390680999999999,1317000
2000-06-08,20.0,20.0,19.53125,19.71875,14.277555,809400
2000-06-09,19.875,20.1875,19.78125,19.84375,14.368053,1021000
2000-06-12,19.78125,20.21875,19.75,19.75,14.300177,786200
2000-06-13,19.625,20.0,19.0,19.125,13.847643,1001200
2000-06-14,19.25,20.125,19.25,19.65625,14.232297,2954200
2000-06-15,19.75,19.9375,19.03125,19.28125,13.960776999999998,1553200
2000-06-16,19.5,19.5,18.96875,19.28125,13.960776999999998,2050200
2000-06-19,19.28125,19.375,18.78125,18.78125,13.598742000000001,2615800
2000-06-20,18.96875,19.34375,18.625,19.125,13.847643,2103200
2000-06-21,19.0,19.125,18.28125,18.59375,13.462981,1003400
2000-06-22,18.53125,18.78125,18.5,18.65625,13.508234,1259000
2000-06-23,18.65625,19.15625,18.375,18.53125,13.417729999999999,1916000
2000-06-26,19.0,19.0,18.1875,18.28125,13.236715,1213000
2000-06-27,18.40625,19.71875,18.375,19.4375,14.073908,1785800
2000-06-28,19.25,19.5,18.90625,19.296881,13.972095999999999,1254800
2000-06-29,19.46875,19.5,18.40625,18.59375,13.462981,1421600
2000-06-30,19.0625,19.46875,18.625,18.71875,13.553491000000001,2365200
2000-07-03,18.875,19.4375,18.875,19.21875,13.915523,700600
2000-07-05,18.875,19.46875,18.875,19.1875,13.892895000000001,1801800
2000-07-06,19.0,19.0625,18.125,18.5625,13.440364,2166600
2000-07-07,18.5625,18.8125,18.21875,18.25,13.214091,2083800
2000-07-10,18.25,18.875,18.25,18.5,13.395098,7850600
2000-07-11,18.5,19.0,18.46875,18.875,13.666626,8247600
2000-07-12,19.0,19.3125,18.8125,19.21875,13.915523,5810400
2000-07-13,19.125,19.75,19.125,19.65625,14.232297,3230200
2000-07-14,19.875,19.875,19.375,19.5625,14.164411999999999,3084400
2000-07-17,19.375,19.40625,19.125,19.28125,13.960776999999998,1593600
2000-07-18,19.28125,19.46875,19.125,19.25,13.938148000000002,1030600
2000-07-19,19.28125,19.46875,19.09375,19.3125,13.983401,2264000
2000-07-20,19.8125,19.84375,19.53125,19.6875,14.254925,2146000
2000-07-21,19.78125,20.0625,19.75,19.875,14.390680999999999,1755800
2000-07-24,19.6875,19.6875,18.90625,19.03125,13.779764000000002,3022400
2000-07-25,19.03125,19.4375,18.734381,19.1875,13.892895000000001,2431000
2000-07-26,19.1875,19.5625,19.125,19.46875,14.096546,1867200
2000-07-27,19.46875,19.75,18.96875,19.59375,14.187045999999999,2805600
2000-07-28,19.65625,19.65625,19.28125,19.34375,14.006027,1171000
2000-07-31,19.375,20.15625,19.375,19.78125,14.322804999999999,1985600
2000-08-01,19.8125,19.875,19.4375,19.6875,14.254925,1048200
2000-08-02,19.71875,19.75,19.4375,19.65625,14.232297,1480000
2000-08-03,19.625,20.1875,19.625,19.75,14.300177,2108800
2000-08-04,19.8125,19.9375,19.5625,19.84375,14.368053,1854600
2000-08-07,20.0,21.0625,19.859381,21.0625,15.250504999999999,1945400
2000-08-08,21.625,21.625,21.25,21.53125,15.58991,2187800
2000-08-09,21.53125,21.53125,20.875,21.15625,15.318382000000001,1034000
2000-08-10,21.15625,21.375,20.6875,20.9375,15.159997,832400
2000-08-11,20.875,21.9375,20.875,21.5,15.567281,1805400
2000-08-14,22.0625,22.0625,21.5,21.90625,15.861438,1143200
2000-08-15,21.78125,22.03125,21.75,21.96875,15.906685000000001,689800
2000-08-16,22.03125,22.4375,21.90625,22.3125,16.155579,724400
2000-08-17,22.3125,22.40625,21.8125,22.0,15.929310999999998,1511800
2000-08-18,21.9375,22.0625,21.625,21.75,15.748301999999999,1443400
2000-08-21,21.78125,21.875,21.6875,21.8125,15.793546,1024200
2000-08-22,21.875,22.375,21.84375,22.3125,16.155579,4651800
2000-08-23,22.40625,22.4375,21.625,21.84375,15.816177,1330800
2000-08-24,21.78125,22.03125,21.75,21.84375,15.816177,1554400
2000-08-25,21.84375,22.0625,21.84375,22.0,15.929310999999998,1285200
2000-08-28,22.09375,22.09375,21.875,22.0,15.929310999999998,768600
2000-08-29,22.0625,22.125,21.8125,22.09375,15.997198000000001,1983000
2000-08-30,22.0625,22.0625,21.609381,21.65625,15.680423000000001,1214600
2000-08-31,21.71875,22.28125,21.65625,22.132811,16.025475,2399600
2000-09-01,22.15625,22.21875,22.0,22.125,16.019827,1139600
2000-09-05,22.0,22.09375,21.9375,22.0625,15.974563,1036600
2000-09-06,22.0,22.59375,21.96875,22.5,16.348770000000002,2511800
2000-09-07,22.375,22.375,21.46875,21.875,15.894635000000001,2371600
2000-09-08,21.6875,21.6875,20.78125,21.03125,15.281562,2437800
2000-09-11,20.9375,21.375,20.625,21.0625,15.304265,1141000
2000-09-12,21.03125,21.09375,20.75,21.03125,15.281562,845600
2000-09-13,21.0625,21.0625,20.0625,20.3125,14.759313,1673800
2000-09-14,20.1875,20.46875,19.90625,20.15625,14.645774,940400
2000-09-15,20.03125,20.03125,19.0,19.15625,13.919160999999999,3838800
2000-09-18,19.0,19.09375,18.8125,18.96875,13.78292,1203200
2000-09-19,18.875,18.875,18.3125,18.40625,13.374204999999998,1225000
2000-09-20,18.5,18.71875,17.90625,18.0,13.079016000000001,1566200
2000-09-21,18.125,18.625,17.875,18.375,13.351498000000001,1985400
2000-09-22,18.3125,18.75,18.0,18.3125,13.306085999999999,1104800
2000-09-25,18.25,18.40625,17.6875,18.25,13.260665,1075600
2000-09-26,18.0,18.21875,17.625,17.8125,12.94278,1523800
2000-09-27,17.8125,18.1875,17.5,17.78125,12.920075,1337600
2000-09-28,17.5625,18.40625,17.5625,18.21875,13.237963,2665200
2000-09-29,18.09375,18.9375,18.09375,18.6875,13.578566,1961200
2000-10-02,18.9375,19.34375,18.65625,19.0625,13.851045000000001,1998000
2000-10-03,19.0625,20.5,19.03125,20.0,14.532245000000001,2492000
2000-10-04,19.96875,20.625,19.125,19.34375,14.055404000000001,1881000
2000-10-05,19.375,19.5625,18.78125,18.8125,13.669391000000001,1348400
2000-10-06,18.8125,19.5,18.1875,18.71875,13.601266,2120000
2000-10-09,19.0,19.75,18.875,19.125,13.896456,1123000
2000-10-10,19.1875,19.65625,18.8125,19.09375,13.873751,1398000
2000-10-11,19.09375,19.4375,18.65625,18.6875,13.578566,919600
2000-10-12,18.78125,18.90625,17.875,18.03125,13.101726,782600
2000-10-13,17.75,17.9375,17.0,17.5,12.715714,1531800
2000-10-16,17.625,18.875,17.5,18.625,13.53315,1427200
2000-10-17,18.625,19.1875,17.53125,17.6875,12.851951,1446000
2000-10-18,17.875,18.34375,17.46875,18.21875,13.237963,1135000
2000-10-19,15.5,16.75,15.15625,16.34375,11.875567,11413800
2000-10-20,16.34375,16.34375,15.75,16.09375,11.693913,3327600
2000-10-23,16.21875,16.21875,15.71875,15.84375,11.512259,1746400
2000-10-24,15.90625,17.28125,15.8125,16.8125,12.216163,3255800
2000-10-25,17.1875,17.1875,16.46875,16.65625,12.102635000000001,2111200
2000-10-26,16.75,17.4375,16.6875,17.125,12.443232,2851000
2000-10-27,17.1875,17.90625,16.75,17.6875,12.851951,2697600
2000-10-30,17.71875,18.6875,17.65625,18.09375,13.147132000000001,2914400
2000-10-31,18.09375,19.28125,18.09375,18.625,13.53315,2484400
2000-11-01,18.59375,18.71875,17.96875,17.96875,13.056313000000001,1344200
2000-11-02,18.0625,18.75,18.0,18.21875,13.237963,1984600
2000-11-03,18.28125,18.875,17.9375,18.5625,13.487729999999999,989200
2000-11-06,18.6875,18.6875,18.25,18.3125,13.306085999999999,729000
2000-11-07,18.3125,18.71875,18.125,18.3125,13.306085999999999,1019600
2000-11-08,18.25,18.84375,17.875,18.53125,13.465034,1353800
2000-11-09,18.46875,18.53125,17.4375,18.0625,13.124429000000001,1279400
2000-11-10,18.09375,18.25,17.6875,17.78125,12.920075,666000
2000-11-13,17.65625,18.28125,17.5,17.53125,12.738419,970000
2000-11-14,17.59375,17.9375,16.96875,17.90625,13.010895,1186600
2000-11-15,18.03125,18.34375,17.5625,17.6875,12.851951,1090000
2000-11-16,17.9375,17.9375,16.90625,17.21875,12.511349000000001,1221000
2000-11-17,17.21875,17.78125,17.125,17.375,12.624888,1164400
2000-11-20,17.25,17.28125,16.9375,16.96875,12.329697999999999,541800
2000-11-21,16.96875,17.25,16.65625,17.0,12.352405000000001,755000
2000-11-22,17.03125,17.25,16.875,17.15625,12.46594,768400
2000-11-24,17.25,17.71875,17.25,17.5,12.715714,957200
2000-11-27,17.5625,17.59375,17.21875,17.53125,12.738419,1396000
2000-11-28,17.53125,17.9375,17.4375,17.5625,12.761123,824400
2000-11-29,17.6875,18.34375,17.6875,18.25,13.260665,2015000
2000-11-30,18.34375,18.875,17.9375,17.96875,13.056313000000001,2326800
2000-12-01,18.0625,19.375,18.0,18.375,13.351498000000001,2483600
2000-12-04,18.25,19.5625,18.25,19.15625,13.919160999999999,1502400
2000-12-05,19.0625,19.125,18.75,19.09375,13.930107000000001,1282800
2000-12-06,18.96875,19.75,18.71875,18.875,13.770519,723800
2000-12-07,19.0,19.21875,18.5,18.65625,13.610921,1195200
2000-12-08,18.78125,19.0625,18.28125,18.90625,13.793317000000002,993600
2000-12-11,18.96875,18.96875,18.40625,18.6875,13.633719000000001,611200
2000-12-12,18.875,19.5625,18.8125,19.03125,13.884504999999999,1075000
2000-12-13,19.28125,20.375,19.1875,19.90625,14.522878,3543800
2000-12-14,20.0,20.625,19.90625,20.0625,14.636872,2385800
2000-12-15,20.0,20.125,19.6875,19.78125,14.431679999999998,2177400
2000-12-18,19.78125,20.34375,19.75,20.3125,14.81926,1827200
2000-12-19,20.25,20.78125,20.15625,20.5,14.95606,1369400
2000-12-20,20.4375,20.46875,19.9375,20.40625,14.887654999999999,1334400
2000-12-21,20.34375,20.84375,20.34375,20.78125,15.161242000000001,1353800
2000-12-22,20.5625,21.5625,20.46875,21.40625,15.617216,1220000
2000-12-26,21.125,21.78125,20.90625,21.71875,15.845208,1076000
2000-12-27,21.46875,22.1875,21.03125,22.0625,16.095997,1195000
2000-12-28,22.0,22.4375,20.9375,22.09375,16.118793,1396400
2000-12-29,22.125,22.78125,22.125,22.1875,16.187193,1265800
2001-01-02,21.8125,22.4375,21.4375,21.53125,15.708422,1530800
2001-01-03,21.5625,22.46875,21.03125,22.3125,16.278391,1971400
2001-01-04,22.4375,23.21875,22.4375,22.6875,16.55197,1555000
2001-01-05,22.71875,22.71875,21.9375,22.65625,16.529181,2014800
2001-01-08,22.625,23.15625,22.0625,22.25,16.232789999999998,2462200
2001-01-09,21.90625,22.0,21.4375,21.75,15.86801,2033000
2001-01-10,21.375,21.875,21.125,21.84375,15.936402,1883400
2001-01-11,21.875,22.25,21.125,21.59375,15.754014000000002,2045600
2001-01-12,21.5,21.5,20.71875,21.1875,15.457633,1661200
2001-01-16,21.1875,21.8125,20.875,21.53125,15.708422,1226200
2001-01-17,21.5,21.78125,21.0,21.375,15.594422,1613200
2001-01-18,21.25,21.28125,20.9375,21.15625,15.434829999999998,946800
2001-01-19,20.625,20.65625,19.84375,20.125,14.682467,1871400
2001-01-22,20.0,20.25,19.6875,20.0,14.591269,2038000
2001-01-23,20.0,21.125,19.90625,20.625,15.047248999999999,2072200
2001-01-24,20.59375,20.9375,20.25,20.34375,14.842058999999999,2171600
2001-01-25,19.75,20.71875,19.75,20.625,15.047248999999999,2312800
2001-01-26,20.75,20.8125,19.96875,20.21875,14.750860000000001,1293200
2001-01-29,20.299999,21.370001000000002,20.254998999999998,21.219998999999998,15.481333,2055800
2001-01-30,21.665001,22.66,21.225,22.405001000000002,16.345875,3460200
2001-01-31,22.105,22.35,22.045,22.165001,16.170784,1473200
2001-02-01,22.139999,22.620001000000002,22.139999,22.620001000000002,16.502726000000003,2111400
2001-02-02,22.5,22.690001000000002,22.299999,22.540001,16.444364999999998,1223600
2001-02-05,22.525,23.065001000000002,22.525,22.77,16.612157999999997,1404400
2001-02-06,22.775,22.84,22.424999,22.75,16.597573999999998,1458200
2001-02-07,22.75,22.865,22.450001,22.684998999999998,16.550158,1286600
2001-02-08,22.635,22.99,22.25,22.725,16.579327,1473800
2001-02-09,22.4,22.615,22.15,22.365,16.316696,1642000
2001-02-12,22.525,22.549999,22.129998999999998,22.389999,16.334925,1056600
2001-02-13,22.389999,22.725,22.245001000000002,22.5,16.415182,2006400
2001-02-14,22.514999,22.620001000000002,22.075001,22.33,16.291166,1055000
2001-02-15,22.25,23.225,22.174999,22.745001000000002,16.593925,3139000
2001-02-16,22.745001000000002,23.0,22.275,22.465,16.389645,1045600
2001-02-20,22.025,22.684998999999998,22.025,22.545,16.448021,1733400
2001-02-21,22.575001,22.575001,21.98,22.01,16.057693,1495600
2001-02-22,22.075001,22.190001000000002,21.450001,21.615,15.769516000000001,2292400
2001-02-23,21.674999,21.674999,20.879998999999998,21.125,15.412032,2848600
2001-02-26,21.219998999999998,21.780001000000002,21.219998999999998,21.754998999999998,15.871661999999999,2189400
2001-02-27,21.924999,21.924999,21.375,21.780001000000002,15.889902,1652200
2001-02-28,21.85,22.299999,21.799999,22.299999,16.269274,2629600
2001-03-01,22.299999,22.434998999999998,21.815001000000002,21.955,16.017567,2080200
2001-03-02,22.059998999999998,22.344998999999998,21.85,22.030001000000002,16.072289,1432800
2001-03-05,22.375,22.98,22.315001000000002,22.655001000000002,16.592285,2493200
2001-03-06,23.625,23.684998999999998,23.344998999999998,23.629998999999998,17.306362,3046600
2001-03-07,23.66,24.74,23.645,24.695,18.086363000000002,3982400
2001-03-08,24.625,24.785,24.49,24.575001,17.998466,2169200
2001-03-09,24.5,24.725,23.955,24.450001,17.906921,2356800
2001-03-12,24.25,24.475,23.549999,23.594998999999998,17.280724,1295600
2001-03-13,23.625,23.625,22.58,23.1,16.918196,2191000
2001-03-14,23.0,23.225,22.504998999999998,22.674999,16.606934,1038400
2001-03-15,23.1,23.1,22.0,22.35,16.368906,1178200
2001-03-16,22.025,22.700001,22.025,22.315001000000002,16.343269,2227800
2001-03-19,22.475,23.299999,22.450001,23.059998999999998,16.888904999999998,1911200
2001-03-20,22.5,23.504998999999998,22.174999,22.799999,16.698475,3459400
2001-03-21,22.75,22.75,21.504998999999998,22.299999,16.332279,1865600
2001-03-22,21.75,22.1,21.299999,21.805,15.969757999999999,2660600
2001-03-23,21.879998999999998,22.4,21.34,22.094998999999998,16.182146,1635800
2001-03-26,22.325001,22.57,22.049999,22.195,16.255383,1470400
2001-03-27,22.225,22.525,21.945,22.469998999999998,16.456797,1893600
2001-03-28,22.48,22.549999,22.084999,22.5,16.478765,1767000
2001-03-29,22.424999,22.549999,22.08,22.125,16.204119,1642200
2001-03-30,22.15,22.35,22.0,22.325001,16.350601,1120600
2001-04-02,22.719998999999998,23.0,22.389999,22.594998999999998,16.548342,2001800
2001-04-03,22.625,22.629998999999998,22.025,22.125,16.204119,2086200
2001-04-04,22.125,22.725,22.125,22.514999,16.489754,1807600
2001-04-05,22.799999,23.365,22.610001,23.309998999999998,17.072001999999998,1530800
2001-04-06,23.309998999999998,23.309998999999998,22.25,23.0,16.844963,1517000
2001-04-09,23.0,23.9,23.0,23.215,17.002422,1551600
2001-04-10,23.5,24.049999,23.305,23.92,17.518759,1333200
2001-04-11,23.950001,23.950001,22.959999,23.025,16.863276000000003,2278400
2001-04-12,23.075001,23.495001000000002,22.885,23.450001,17.174536,1799400
2001-04-16,23.475,23.98,23.200001,23.66,17.328341,1232600
2001-04-17,23.6,23.75,23.110001,23.75,17.394249,1299800
2001-04-18,23.795,24.799999,23.375,24.57,17.994804000000002,1712400
2001-04-19,24.375,24.379998999999998,23.764999,23.889999,17.496786,1372000
2001-04-20,23.924999,24.049999,23.0,23.1,16.918196,2276200
2001-04-23,23.5,23.525,22.775,23.105,16.921858,1525400
2001-04-24,23.174999,23.975,23.139999,23.74,17.386921,1714400
2001-04-25,23.75,24.225,23.190001000000002,23.959999,17.548052,1705000
2001-04-26,24.0,24.514999,23.9,24.5,17.943552,1855600
2001-04-27,24.504998999999998,24.514999,24.0,24.25,17.760448,1258800
2001-04-30,24.365,24.365,23.635,23.665001,17.332001,1275800
2001-05-01,23.790001,24.25,23.705,23.985001,17.566366,1471200
2001-05-02,23.99,24.375,23.799999,24.120001000000002,17.665241,1087000
2001-05-03,24.0,24.0,23.5,23.83,17.452837,2007400
2001-05-04,23.725,24.495001000000002,23.575001,24.450001,17.906921,1477800
2001-05-07,24.450001,24.700001,23.549999,23.635,17.31002,1629200
2001-05-08,23.65,24.135,23.625,24.0,17.577353,3120200
2001-05-09,23.924999,24.200001,23.795,24.084999,17.639597,1645800
2001-05-10,24.125,24.995001000000002,24.110001,24.98,18.295084,3679400
2001-05-11,24.940001000000002,24.945,24.389999,24.684998999999998,18.079033,2052400
2001-05-14,24.684998999999998,24.855,24.450001,24.85,18.199879,1107400
2001-05-15,24.85,25.1,24.385,24.855,18.203543,2041800
2001-05-16,24.875,25.995001000000002,24.85,25.99,19.034801,4032800
2001-05-17,26.0,27.0,25.9,27.0,19.774517000000003,5343000
2001-05-18,26.375,26.5,25.764999,26.035,19.067762,4151000
2001-05-21,25.85,25.99,25.575001,25.9,18.968891,2988400
2001-05-22,25.860001,25.924999,25.4,25.684998999999998,18.811417000000002,1602000
2001-05-23,25.4,25.495001000000002,25.155001000000002,25.34,18.558752,1297400
2001-05-24,24.9,25.045,24.700001,24.85,18.199879,2473800
2001-05-25,24.85,25.15,24.6,24.870001000000002,18.21452,1039000
2001-05-29,24.924999,25.245001000000002,24.764999,25.02,18.324375,1057600
2001-05-30,24.950001,24.975,24.379998999999998,24.705,18.093683,1395200
2001-05-31,25.1,25.375,25.01,25.145,18.415934,3031400
2001-06-01,25.1,25.1,24.51,24.76,18.133963,2232800
2001-06-04,24.85,25.379998999999998,24.85,25.27,18.507482999999997,1521400
2001-06-05,25.225,25.5,24.67,25.434998999999998,18.691195,1522600
2001-06-06,25.424999,25.9,25.34,25.65,18.849192000000002,2057400
2001-06-07,25.65,26.125,25.65,25.83,18.981474,1534400
2001-06-08,25.575001,25.6,25.285,25.35,18.628736,1318600
2001-06-11,25.5,25.5,25.065001000000002,25.325001,18.610369,1477000
2001-06-12,25.225,25.25,24.91,24.995001000000002,18.367865,1624200
2001-06-13,24.975,25.48,24.975,25.309998999999998,18.599335,1717400
2001-06-14,25.0,25.0,24.52,24.725,18.169449,1692800
2001-06-15,25.219998999999998,25.285,24.834999,24.915001,18.309076,1915800
2001-06-18,24.700001,25.174999,24.615,24.915001,18.309076,730000
2001-06-19,24.9,25.15,24.9,25.014999,18.382551,1170000
2001-06-20,25.1,25.610001,24.924999,25.049999,18.408272,1709000
2001-06-21,24.85,24.855,24.165001,24.25,17.820387,1726200
2001-06-22,24.200001,24.209999,23.5,23.705,17.419889,1601000
2001-06-25,23.65,23.725,23.1,23.26,17.092871,1296200
2001-06-26,22.799999,23.15,22.639999,22.950001,16.865070000000003,4444400
2001-06-27,22.99,23.360001,22.9,23.235001,17.074503,2427000
2001-06-28,23.290001,23.43,23.135,23.280001000000002,17.107567,1499800
2001-06-29,23.129998999999998,23.549999,23.075001,23.5,17.269245,1754400
2001-07-02,23.440001000000002,23.725,23.1,23.6,17.342731,1200000
2001-07-03,23.450001,23.450001,22.65,23.200001,17.048779999999997,1375800
2001-07-05,23.225,23.59,23.125,23.5,17.269245,822000
2001-07-06,23.450001,23.450001,22.98,23.040001,16.931202,1185600
2001-07-09,22.940001000000002,23.540001,22.940001000000002,23.385,17.184735999999997,989200
2001-07-10,23.4,23.950001,23.184998999999998,23.405001000000002,17.199429000000002,1364600
2001-07-11,23.405001000000002,23.825001,22.985001,22.985001,16.890789,1522400
2001-07-12,23.084999,23.195,22.83,23.065001000000002,16.949576999999998,2181200
2001-07-13,22.5,22.66,22.184998999999998,22.525,16.552751999999998,3640800
2001-07-16,22.875,22.875,22.26,22.41,16.468239,1222400
2001-07-17,22.424999,22.700001,22.405001000000002,22.57,16.585821,1225800
2001-07-18,22.25,22.75,22.025,22.280001000000002,16.3727,2080400
2001-07-19,22.299999,23.07,22.299999,23.055,16.942232,2684400
2001-07-20,23.055,23.174999,22.375,22.65,16.644607999999998,2678600
2001-07-23,22.325001,22.65,22.174999,22.525,16.552751999999998,2946600
2001-07-24,22.275,22.280001000000002,21.799999,21.995001000000002,16.163276999999997,2632600
2001-07-25,21.85,22.535,21.695,22.485001,16.523352,1506800
2001-07-26,22.375,22.6,22.105,22.540001,16.563776,1238400
2001-07-27,22.514999,22.924999,22.424999,22.504998999999998,16.53805,1020000
2001-07-30,22.504998999999998,22.639999,22.059998999999998,22.35,16.424154,713200
2001-07-31,22.34,22.950001,22.34,22.67,16.659302,984600
2001-08-01,22.575001,23.049999,22.434998999999998,22.700001,16.681353,865800
2001-08-02,22.799999,23.275,22.75,23.07,16.953251,813400
2001-08-03,23.045,23.549999,22.825001,23.445,17.228827,1693000
2001-08-06,23.450001,23.674999,23.35,23.41,17.203108,2286400
2001-08-07,23.424999,23.924999,23.4,23.875,17.544813,1822200
2001-08-08,23.565001000000002,23.65,23.1,23.25,17.085522,2151600
2001-08-09,23.200001,23.325001,23.030001000000002,23.17,17.026737,1046800
2001-08-10,23.225,23.725,23.0,23.549999,17.305981,798200
2001-08-13,23.389999,23.58,23.1,23.49,17.261892,632600
2001-08-14,23.49,23.625,23.264999,23.465,17.243515,719200
2001-08-15,23.424999,23.73,23.355,23.459999,17.239841000000002,640000
2001-08-16,23.0,23.200001,22.75,23.125,16.993662,1479800
2001-08-17,23.049999,23.299999,22.91,23.065001000000002,16.949576999999998,803000
2001-08-20,23.049999,23.075001,22.9,23.0,16.901808,1126400
2001-08-21,23.0,23.495001000000002,23.0,23.264999,17.09655,1071400
2001-08-22,23.25,23.5,23.055,23.485001,17.258221,1526000
2001-08-23,23.424999,23.65,23.275,23.49,17.261892,997400
2001-08-24,23.42,23.934998999999998,23.4,23.719998999999998,17.430908,1419600
2001-08-27,23.725,23.950001,23.59,23.745001000000002,17.449278,996600
2001-08-28,23.725,23.75,23.200001,23.325001,17.140632999999998,839800
2001-08-29,23.325001,23.6,23.25,23.450001,17.232494,1234400
2001-08-30,23.125,23.48,23.125,23.285,17.111245999999998,1186000
2001-08-31,23.25,23.629998999999998,23.200001,23.535,17.29496,653200
2001-09-04,23.690001000000002,24.5,23.59,24.245001000000002,17.816710999999998,1560400
2001-09-05,24.125,24.450001,24.02,24.290001,17.912585999999997,1386000
2001-09-06,24.1,24.82,24.1,24.540001,18.096949,1866400
2001-09-07,24.174999,24.35,23.965,24.049999,17.735595999999997,1544000
2001-09-10,23.75,24.280001000000002,23.75,23.799999,17.551229,1636200
2001-09-17,23.5,23.5,21.6,21.6,15.928851000000002,1710000
2001-09-18,21.719998999999998,21.82,21.200001,21.475,15.836669,1565800
2001-09-19,21.4,21.485001,20.0,20.389999,15.036541,1890400
2001-09-20,20.25,20.565001000000002,19.525,19.6,14.453961999999999,1617400
2001-09-21,18.625,18.85,18.25,18.65,13.753378,2670200
2001-09-24,19.25,19.99,19.219998999999998,19.745001000000002,14.560882999999999,2625600
2001-09-25,19.549999,20.33,19.355,20.299999,14.970169,2068800
2001-09-26,20.305,20.305,19.799999,19.885,14.664128,1178000
2001-09-27,19.889999,20.674999,19.860001,20.635,15.217213000000001,1361200
2001-09-28,20.355,21.02,20.355,21.0,15.486382,2311800
2001-10-01,20.975,21.075001,20.35,21.0,15.486382,2148800
2001-10-02,21.0,21.0,20.549999,20.75,15.302017999999999,1581600
2001-10-03,20.754998999999998,21.195,20.475,21.0,15.486382,1529400
2001-10-04,21.0,21.375,20.700001,21.030001000000002,15.508498999999999,1161800
2001-10-05,21.025,21.450001,20.83,21.195,15.630177,899000
2001-10-08,20.9,20.924999,20.48,20.485001,15.106599,806400
2001-10-09,20.375,21.325001,20.35,21.07,15.538003,1166800
2001-10-10,21.15,22.049999,21.059998999999998,21.775,16.057903,2004000
2001-10-11,22.025,23.475,22.025,23.285,17.171452,2366200
2001-10-12,23.0,23.450001,22.75,23.275,17.164076,1995800
2001-10-15,23.055,23.25,22.92,23.030001000000002,16.983393,1015600
2001-10-16,23.0,23.495001000000002,22.75,23.16,17.079266,1050600
2001-10-17,23.375,23.75,22.4,22.424999,16.537243,1462600
2001-10-18,22.450001,22.775,21.959999,22.775,16.795341,2205000
2001-10-19,22.775,22.950001,22.174999,22.459999,16.563053,2709600
2001-10-22,22.450001,24.155001000000002,22.450001,24.094998999999998,17.768782,3090800
2001-10-23,24.075001,24.23,23.4,24.120001000000002,17.78722,2110800
2001-10-24,23.885,23.995001000000002,23.4,23.76,17.521738,2849200
2001-10-25,23.764999,24.120001000000002,23.584999,24.120001000000002,17.78722,1630000
2001-10-26,23.924999,24.92,23.924999,24.870001000000002,18.340307,1324200
2001-10-29,24.575001,24.725,24.025,24.379998999999998,17.978952,1744200
2001-10-30,24.1,24.125,23.549999,23.695,17.473793,1991000
2001-10-31,23.684998999999998,23.809998999999998,23.35,23.59,17.396366,1690800
2001-11-01,23.625,24.25,23.225,24.245001000000002,17.879396,1747000
2001-11-02,24.200001,25.125,23.995001000000002,24.834999,18.314486,1434600
2001-11-05,24.924999,25.07,24.15,24.33,17.942079999999997,1670800
2001-11-06,24.33,24.6,23.875,24.525,18.085876000000003,2385200
2001-11-07,24.450001,24.6,24.075001,24.5,18.067439999999998,1170400
2001-11-08,24.65,25.045,24.58,24.719998999999998,18.229682999999998,1500400
2001-11-09,24.75,25.014999,24.450001,24.934998999999998,18.388235,561200
2001-11-12,24.51,24.58,24.200001,24.52,18.082188000000002,939400
2001-11-13,24.799999,25.495001000000002,24.799999,25.445,18.764326,1082800
2001-11-14,25.875,26.0,25.76,25.870001000000002,19.077745,1706600
2001-11-15,25.75,26.09,25.75,25.865,19.074059,2097600
2001-11-16,25.9,25.99,25.674999,25.895,19.096184,996000
2001-11-19,26.014999,26.375,26.004998999999998,26.174999,19.302670000000003,1108600
2001-11-20,26.049999,26.365,25.875,26.145,19.280544,1088400
2001-11-21,25.844998999999998,25.950001,25.625,25.785,19.015068,952000
2001-11-23,25.709999,26.245001000000002,25.700001,26.209999,19.328478,259800
2001-11-26,26.125,26.205,25.844998999999998,26.0,19.173622,1067800
2001-11-27,26.0,26.41,25.924999,26.195,19.317415,1069800
2001-11-28,26.17,26.445,26.049999,26.174999,19.302670000000003,1410200
2001-11-29,26.025,26.245001000000002,25.785,26.025,19.192051,1330600
2001-11-30,26.09,26.59,26.049999,26.459999,19.512838000000002,2203800
2001-12-03,26.459999,26.465,26.025,26.055,19.214170000000003,1095800
2001-12-04,26.075001,26.25,26.0,26.215,19.332165,1052200
2001-12-05,26.200001,27.155001000000002,26.200001,27.145,20.083111,1777000
2001-12-06,27.0,27.139999,26.700001,27.004998999999998,19.979532,1171200
2001-12-07,26.700001,26.99,26.6,26.860001,19.872248000000003,1719400
2001-12-10,26.860001,26.975,26.299999,26.32,19.472739999999998,1580600
2001-12-11,26.299999,26.775,26.125,26.559998999999998,19.650303,1059800
2001-12-12,26.5,26.5,26.049999,26.309998999999998,19.465338,1143200
2001-12-13,26.35,26.389999,25.799999,25.924999,19.180494,1618000
2001-12-14,25.924999,26.195,25.85,26.01,19.243389,1033200
2001-12-17,26.049999,26.575001,26.049999,26.52,19.620708,1616000
2001-12-18,26.549999,27.27,26.549999,27.27,20.175587,1639400
2001-12-19,26.875,27.15,26.575001,27.15,20.086807,1464600
2001-12-20,27.15,27.629998999999998,27.15,27.450001,20.308761999999998,2367800
2001-12-21,27.65,27.65,27.035,27.065001000000002,20.023928,1865600
2001-12-24,27.275,27.674999,27.275,27.635,20.445632999999997,932600
2001-12-26,27.549999,27.875,27.540001,27.615,20.430834,1057800
2001-12-27,27.615,27.75,27.334999,27.405001000000002,20.275469,640200
2001-12-28,27.405001000000002,27.5,27.049999,27.424999,20.290257,983200
2001-12-31,27.375,27.959999,27.375,27.625,20.438231,1123600
2002-01-02,27.875,27.875,27.15,27.43,20.293966,1800400
2002-01-03,27.15,27.889999,27.15,27.370001000000002,20.249573,1810000
2002-01-04,27.375,27.815001000000002,27.15,27.77,20.545510999999998,2148200
2002-01-07,27.700001,27.82,27.475,27.715,20.504822,916200
2002-01-08,27.5,27.625,27.0,27.375,20.253269,1099000
2002-01-09,27.35,27.5,26.75,27.045,20.009125,1690200
2002-01-10,27.0,27.004998999999998,26.264999,26.549999,19.642902,1320600
2002-01-11,26.35,26.450001,26.094998999999998,26.245001000000002,19.41725,1246600
2002-01-14,26.125,26.125,25.18,25.295,18.714396,2430000
2002-01-15,25.0,25.360001,24.950001,25.334999,18.74399,3053000
2002-01-16,25.0,25.475,24.51,24.615,18.2113,2564600
2002-01-17,24.6,24.795,23.975,24.719998999999998,18.288985999999998,3251400
2002-01-18,24.5,24.75,24.424999,24.495001000000002,18.122515,1500400
2002-01-22,24.555,24.719998999999998,24.25,24.555,18.166912,1312800
2002-01-23,25.0,25.9,24.965,25.879998999999998,19.147202,3063400
2002-01-24,26.200001,27.145,26.0,27.120001000000002,20.064615,2748200
2002-01-25,26.85,28.094998999999998,26.809998999999998,27.940001000000002,20.671295,4096600
2002-01-28,27.825001,28.110001,27.775,27.955,20.682384,3097600
2002-01-29,27.955,28.075001,27.405001000000002,27.450001,20.308761999999998,1821200
2002-01-30,27.455,28.370001000000002,27.25,28.285,20.926531,2199600
2002-01-31,28.344998999999998,29.025,28.275,29.025,21.474018,2964200
2002-02-01,28.875,29.105,28.375,28.625,21.178078,2945400
2002-02-04,28.299999,28.700001,28.275,28.375,20.993118,1575400
2002-02-05,28.375,28.65,27.775,27.799999,20.567707000000002,1489400
2002-02-06,28.125,28.495001000000002,27.84,28.075001,20.771162,2252200
2002-02-07,28.09,28.17,27.875,27.92,20.656494,1176000
2002-02-08,27.75,28.25,27.549999,28.139999,20.819257999999998,2046200
2002-02-11,28.375,29.08,28.375,29.075001,21.511019,1775400
2002-02-12,28.9,28.975,28.450001,28.75,21.270564999999998,1890000
2002-02-13,28.745001000000002,28.85,28.629998999999998,28.75,21.270564999999998,2287000
2002-02-14,28.950001,29.049999,28.325001,28.65,21.196575,1834800
2002-02-15,28.65,29.049999,28.6,28.745001000000002,21.266863,1387600
2002-02-19,28.299999,28.6,27.5,27.855,20.6084,2534600
2002-02-20,28.125,28.625,28.040001,28.5,21.085601999999998,1583800
2002-02-21,28.4,28.995001000000002,28.325001,28.6,21.159585999999997,3007600
2002-02-22,28.575001,28.875,28.575001,28.775,21.289057,1727600
2002-02-25,28.875,29.450001,28.65,29.25,21.640486,3215000
2002-02-26,29.1,29.35,28.75,28.799999,21.307558,2200200
2002-02-27,28.799999,28.985001,28.719998999999998,28.879998999999998,21.366745,2225000
2002-02-28,28.879998999999998,29.245001000000002,28.535,28.950001,21.418528,2122400
2002-03-01,28.799999,29.424999,28.700001,29.125,21.548004000000002,2577400
2002-03-04,29.245001000000002,30.305,29.15,30.295,22.413618,2320200
2002-03-05,29.950001,29.959999,29.0,29.0,21.523020000000002,2195200
2002-03-06,29.0,29.754998999999998,28.950001,29.629998999999998,21.990589,2307000
2002-03-07,29.754998999999998,29.9,29.4,29.875,22.172419,1945400
2002-03-08,30.0,30.25,30.0,30.155001000000002,22.380226,2129800
2002-03-11,30.1,30.555,29.950001,30.280001000000002,22.472992,1787200
2002-03-12,30.0,30.26,29.969998999999998,30.135,22.365379,1375000
2002-03-13,30.135,30.135,29.4,29.605,21.972027,1688000
2002-03-14,29.5,29.915001,29.5,29.775,22.098198,1264600
2002-03-15,29.775,30.200001,29.75,29.99,22.257769,2407200
2002-03-18,30.0,30.355,29.934998999999998,30.025,22.283739,1232400
2002-03-19,30.02,30.360001,29.924999,30.184998999999998,22.402494,1241600
2002-03-20,30.1,30.475,30.0,30.075001,22.320848,1110200
2002-03-21,30.025,30.059998999999998,29.065001000000002,29.325001,21.764219,1579400
2002-03-22,29.375,29.549999,29.049999,29.190001000000002,21.664023999999998,1917800
2002-03-25,29.235001,29.235001,28.5,28.665001,21.274389000000003,1646200
2002-03-26,28.674999,29.135,28.674999,29.09,21.589813,1279400
2002-03-27,29.049999,29.75,29.049999,29.674999,22.023981,1562800
2002-03-28,29.875,30.09,29.764999,29.9,22.190966,2073400
2002-04-01,29.940001000000002,29.940001000000002,29.17,29.305,21.749385999999998,1610400
2002-04-02,29.174999,29.605,29.1,29.495001000000002,21.89039,1658200
2002-04-03,29.51,29.565001000000002,28.705,28.75,21.337479000000002,1856600
2002-04-04,28.299999,28.725,28.25,28.309998999999998,21.01091,1686600
2002-04-05,28.434998999999998,28.865,28.434998999999998,28.514999,21.163063,1624800
2002-04-08,28.174999,28.75,28.049999,28.594998999999998,21.222433,921000
2002-04-09,28.924999,29.4,28.75,29.174999,21.652897,1535800
2002-04-10,29.174999,29.795,29.16,29.620001000000002,21.983166,1312000
2002-04-11,29.709999,30.200001,29.625,29.625,21.98687,2020000
2002-04-12,29.9,29.9,29.299999,29.584999,21.957186,1138200
2002-04-15,29.584999,29.59,29.125,29.305,21.749385999999998,894200
2002-04-16,29.549999,29.870001000000002,29.545,29.719998999999998,22.057382999999998,1088600
2002-04-17,29.719998999999998,29.99,29.690001000000002,29.860001,22.161282999999997,1014000
2002-04-18,29.805,29.99,29.389999,29.5,21.894102,1159600
2002-04-19,29.725,29.790001,29.395,29.475,21.875553,1389000
2002-04-22,29.475,29.495001000000002,28.565001000000002,28.565001000000002,21.200176000000003,1552800
2002-04-23,28.565001000000002,28.6,27.700001,27.785,20.621273000000002,2530000
2002-04-24,28.125,28.754998999999998,28.125,28.375,21.059162,3415200
2002-04-25,28.375,28.57,28.209999,28.365,21.051737,2714600
2002-04-26,28.415001,28.875,28.415001,28.445,21.111101,2119400
2002-04-29,28.469998999999998,28.49,28.035,28.049999,20.817949,1854400
2002-04-30,28.299999,28.725,28.105,28.549999,21.18903,1772400
2002-05-01,28.58,28.85,28.254998999999998,28.805,21.378283,1968800
2002-05-02,28.85,29.9,28.809998999999998,29.725,22.061096,1343600
2002-05-03,29.4,29.75,29.4,29.635,21.994301,1208600
2002-05-06,29.635,29.639999,29.200001,29.275,21.727116,1024600
2002-05-07,29.375,29.695,29.315001000000002,29.375,21.801331,1265800
2002-05-08,29.700001,29.924999,29.549999,29.790001,22.109335,1385600
2002-05-09,29.674999,30.125,29.674999,29.905001000000002,22.194679,1001800
2002-05-10,29.905001000000002,29.905001000000002,29.35,29.35,21.782772,1491600
2002-05-13,29.375,29.6,29.049999,29.424999,21.838438,1046200
2002-05-14,29.424999,30.049999,29.424999,30.049999,22.30229,1169000
2002-05-15,29.950001,30.075001,29.73,30.0,22.265188000000002,1734400
2002-05-16,30.0,30.045,29.6,29.6,21.968319,1165000
2002-05-17,29.6,29.690001000000002,29.27,29.445,21.853282999999998,1379400
2002-05-20,29.485001,29.495001000000002,29.15,29.215,21.682586999999998,541000
2002-05-21,29.200001,29.495001000000002,28.905001000000002,28.91,21.456219,802600
2002-05-22,28.775,29.125,28.65,29.075001,21.57868,1223600
2002-05-23,29.110001,29.370001000000002,29.014999,29.295,21.741957,989000
2002-05-24,29.125,29.42,28.844998999999998,29.075001,21.57868,973800
2002-05-28,28.75,28.934998999999998,28.549999,28.584999,21.215014,1360000
2002-05-29,28.549999,28.575001,28.15,28.15,20.892166,1947600
2002-05-30,28.174999,28.285,27.5,27.68,20.54335,2640800
2002-05-31,27.75,28.200001,27.424999,28.0,20.780846,1843200
2002-06-03,27.75,27.99,27.15,27.15,20.149994,1913800
2002-06-04,27.200001,27.225,26.620001000000002,26.799999,19.890235999999998,2432200
2002-06-05,26.875,27.305,26.85,27.305,20.337122,2785000
2002-06-06,27.25,27.305,26.77,26.795,19.957264000000002,1694200
2002-06-07,26.790001,27.115,26.52,27.075001,20.165817,2922800
2002-06-10,27.200001,27.870001000000002,27.1,27.6,20.556841,1333000
2002-06-11,27.65,27.959999,27.035,27.08,20.169538,1436600
2002-06-12,27.125,27.280001000000002,26.950001,27.075001,20.165817,1785800
2002-06-13,27.1,27.174999,26.629998999999998,26.629998999999998,19.834379000000002,1592600
2002-06-14,26.5,26.9,25.75,26.405001000000002,19.666792,2221800
2002-06-17,26.299999,27.764999,26.299999,27.725,20.649948000000002,2880000
2002-06-18,27.674999,27.995001000000002,27.424999,27.959999,20.824966,1811400
2002-06-19,27.85,28.174999,27.625,27.67,20.60898,1138600
2002-06-20,27.375,27.84,27.375,27.59,20.549398,1718600
2002-06-21,27.450001,27.674999,27.004998999999998,27.264999,20.307331,1670000
2002-06-24,26.950001,27.475,26.799999,27.334999,20.359467000000002,1574000
2002-06-25,27.6,28.049999,27.545,27.6,20.556841,1660200
2002-06-26,27.424999,27.43,26.440001000000002,27.004998999999998,20.113678,3043600
2002-06-27,27.129998999999998,27.940001000000002,27.110001,27.940001000000002,20.810083,1993200
2002-06-28,27.700001,28.775,27.700001,28.485001,21.216,1714000
2002-07-01,28.275,28.395,27.75,27.75,20.668571,2450800
2002-07-02,27.75,27.75,26.375,26.66,19.856720000000003,2840200
2002-07-03,26.549999,26.860001,25.780001000000002,26.25,19.55135,2105400
2002-07-05,26.4,27.445,26.35,27.379998999999998,20.39299,979000
2002-07-08,27.200001,27.695,26.924999,26.955,20.076442999999998,1557600
2002-07-09,26.684998999999998,27.004998999999998,26.129998999999998,26.225,19.532723999999998,1518200
2002-07-10,26.26,26.325001,25.32,25.4,18.918255,2512200
2002-07-11,25.299999,25.549999,24.530001000000002,25.0,18.620333,2950400
2002-07-12,25.35,26.315001000000002,25.125,26.025,19.383764000000003,2948200
2002-07-15,25.75,25.754998999999998,24.1,25.375,18.899632,2561400
2002-07-16,25.15,25.290001,24.455,24.525,18.266544,2751800
2002-07-17,24.875,25.575001,24.875,25.35,18.881012,2826400
2002-07-18,25.35,25.75,24.77,24.77,18.449023999999998,1625000
2002-07-19,24.77,24.834999,23.975,24.035,17.901583,2093200
2002-07-22,23.775,23.940001000000002,22.275,22.844998999999998,17.015255,3063800
2002-07-23,22.799999,23.65,22.549999,22.805,16.985456,2055400
2002-07-24,22.75,25.200001,22.65,25.145,18.728319,4284200
2002-07-25,25.075001,26.825001,24.75,26.74,19.9163,4736200
2002-07-26,26.700001,26.725,25.5,25.780001000000002,19.201276999999997,3248600
2002-07-29,26.200001,27.15,26.025,26.9,20.035473,3446200
2002-07-30,26.9,26.9,25.950001,26.355,19.629547,2730200
2002-07-31,26.25,26.545,25.59,26.15,19.476866,4012000
2002-08-01,26.15,26.625,25.780001000000002,26.375,19.644442,2251000
2002-08-02,26.375,26.41,24.6,24.799999,18.471365,2511600
2002-08-05,24.9,25.450001,24.4,24.5,18.247920999999998,1904600
2002-08-06,25.15,26.049999,25.125,25.559998999999998,19.03742,2246600
2002-08-07,25.775,26.5,25.5,26.469998999999998,19.715197,1679600
2002-08-08,27.075001,27.575001,26.875,27.575001,20.538223000000002,2864200
2002-08-09,27.575001,28.0,27.209999,27.76,20.676018,2750800
2002-08-12,27.125,27.41,26.905001000000002,27.075001,20.165817,1543800
2002-08-13,27.049999,28.200001,26.775,27.235001,20.284985,2874800
2002-08-14,27.450001,28.014999,26.27,27.965,20.828705,2739200
2002-08-15,28.075001,28.299999,26.879998999999998,27.48,20.467470000000002,2240800
2002-08-16,27.48,27.52,26.754998999999998,27.355,20.374363,1918800
2002-08-19,27.299999,28.049999,27.205,28.035,20.880838,1665000
2002-08-20,27.91,27.91,27.295,27.42,20.422779000000002,1537000
2002-08-21,27.75,28.129998999999998,27.299999,27.74,20.661119,1287800
2002-08-22,27.67,28.42,27.67,28.355,21.119175,1684200
2002-08-23,28.15,28.26,27.780001000000002,28.004998999999998,20.85849,1277800
2002-08-26,27.98,28.65,27.799999,28.645,21.335175,1256000
2002-08-27,29.025,29.299999,28.799999,29.139999,21.703857,4040200
2002-08-28,29.065001000000002,29.225,28.125,28.235001,21.0298,2337400
2002-08-29,28.15,28.465,27.605,28.0,20.854761,1713600
2002-08-30,28.02,28.67,27.85,28.014999,20.865942,1599400
2002-09-03,27.18,28.02,26.91,26.92,20.050369,1699200
2002-09-04,26.885,27.75,26.775,27.674999,20.685705,1735200
2002-09-05,27.200001,27.290001,26.504998999999998,26.514999,19.818663,1832800
2002-09-06,26.965,27.459999,26.625,27.254998999999998,20.371773,1788000
2002-09-09,27.139999,27.495001000000002,26.785,27.225,20.349346,1080000
2002-09-10,27.200001,28.15,27.200001,28.059998999999998,20.973473000000002,1501800
2002-09-11,28.85,28.85,28.25,28.535,21.32851,1587800
2002-09-12,28.200001,28.35,27.799999,27.879998999999998,20.838929999999998,2150400
2002-09-13,27.879998999999998,28.09,27.125,28.09,20.995893,2169400
2002-09-16,27.85,27.92,27.389999,27.615,20.640856,1194000
2002-09-17,28.049999,28.125,27.23,27.33,20.427832000000002,2621600
2002-09-18,27.08,27.549999,26.6,27.35,20.442781,1785000
2002-09-19,27.049999,27.365,26.58,26.615,19.893398,1474200
2002-09-20,26.879998999999998,27.075001,26.389999,26.68,19.941988000000002,3202000
2002-09-23,26.684998999999998,26.9,25.82,26.0,19.433722,2531800
2002-09-24,25.549999,25.575001,24.924999,25.0,18.686277,2729200
2002-09-25,25.299999,25.315001000000002,24.799999,25.0,18.686277,4071000
2002-09-26,25.184998999999998,25.945,25.125,25.945,19.392614000000002,3124800
2002-09-27,26.6,26.695,25.775,25.83,19.306654,3345200
2002-09-30,25.33,25.6,24.85,25.555,19.101109,2956400
2002-10-01,25.555,26.5,25.450001,26.4,19.732706,5059200
2002-10-02,25.75,25.93,25.125,25.125,18.779713,2579800
2002-10-03,25.25,25.955,25.25,25.51,19.067474,2190200
2002-10-04,25.6,26.0,25.049999,25.264999,18.884342,2072000
2002-10-07,25.35,25.815001000000002,25.08,25.139999,18.790916,1838600
2002-10-08,25.35,26.485001,25.1,26.200001,19.583214,1754200
2002-10-09,25.9,25.975,24.780001000000002,24.799999,18.536779,1751600
2002-10-10,24.805,26.325001,24.59,26.285,19.646746,2317400
2002-10-11,26.5,27.6,26.205,27.26,20.375519,1839400
2002-10-14,27.264999,27.334999,26.475,26.875,20.087748,1197200
2002-10-15,27.25,28.455,27.25,28.34,21.182762,2303400
2002-10-16,27.049999,27.475,26.695,26.695,19.953196,4323800
2002-10-17,26.950001,27.23,26.915001,27.125,20.274607,3031800
2002-10-18,27.125,27.405001000000002,26.375,27.315001000000002,20.416616,1977400
2002-10-21,27.065001000000002,27.799999,26.805,27.629998999999998,20.652069,1998600
2002-10-22,27.48,27.48,26.825001,26.9,20.106428,1389400
2002-10-23,26.0,26.700001,25.950001,26.4,19.732706,2983200
2002-10-24,26.625,26.625,25.530001000000002,25.584999,19.123528,2341400
2002-10-25,26.02,26.24,25.325001,26.190001000000002,19.575739000000002,2405600
2002-10-28,26.4,26.440001000000002,25.48,25.745001000000002,19.243128,3044200
2002-10-29,25.625,25.950001,25.125,25.700001,19.209492,2793400
2002-10-30,25.950001,26.575001,25.605,26.5,19.80744,2976600
2002-10-31,26.4,27.25,26.370001000000002,27.25,20.368031,3155200
2002-11-01,26.950001,27.975,26.875,27.915001,20.865092999999998,2400600
2002-11-04,28.125,28.370001000000002,27.525,27.525,20.57358,2168400
2002-11-05,27.275,27.700001,27.129998999999998,27.235001,20.356825,1706600
2002-11-06,27.450001,27.93,26.950001,27.870001000000002,20.831455,1930000
2002-11-07,27.75,27.799999,26.799999,26.98,20.166227,1918600
2002-11-08,27.18,27.799999,26.905001000000002,27.15,20.293285,2308200
2002-11-11,27.049999,27.305,26.004998999999998,26.1,19.508467,1921000
2002-11-12,26.325001,26.834999,25.875,26.674999,19.93825,2981400
2002-11-13,26.65,27.334999,26.205,26.975,20.162487,2737400
2002-11-14,27.15,28.0,27.15,27.879998999999998,20.838929999999998,2093600
2002-11-15,27.625,28.465,27.575001,28.275,21.134172,1982600
2002-11-18,28.309998999999998,28.42,27.85,27.975,20.909943,1582400
2002-11-19,27.905001000000002,28.325001,27.825001,28.135,21.029537,1457400
2002-11-20,28.025,28.700001,27.65,28.700001,21.451839,3559800
2002-11-21,28.705,29.245001000000002,28.43,29.245001000000002,21.859203,2212200
2002-11-22,29.125,29.264999,28.245001000000002,28.4,21.227610000000002,1859200
2002-11-25,28.575001,28.98,28.334999,28.895,21.597593,1511200
2002-11-26,28.700001,28.74,27.780001000000002,28.045,20.962259,3330800
2002-11-27,28.094998999999998,28.995001000000002,28.094998999999998,28.955,21.642437,1439000
2002-11-29,29.129998999999998,29.745001000000002,29.129998999999998,29.5,22.049803,1298200
2002-12-02,29.549999,29.67,28.9,29.25,21.86294,2070800
2002-12-03,29.049999,29.445,28.915001,29.15,21.788193,2231800
2002-12-04,28.75,28.875,28.385,28.465,21.345757,2928000
2002-12-05,28.49,28.49,28.1,28.23,21.169531,1771600
2002-12-06,28.0,28.860001,27.924999,28.745001000000002,21.555729,1333200
2002-12-09,28.625,28.82,28.254998999999998,28.315001000000002,21.233267,1559600
2002-12-10,28.549999,28.584999,28.0,28.5,21.372004999999998,1819200
2002-12-11,28.200001,28.6,28.025,28.450001,21.334511,2062400
2002-12-12,28.35,28.4,27.915001,28.030001000000002,21.019551999999997,1084200
2002-12-13,28.035,28.035,27.299999,27.34,20.502125,2116000
2002-12-16,27.525,28.799999,27.52,28.799999,21.596966000000002,2557000
2002-12-17,28.805,28.855,28.325001,28.57,21.424485999999998,2171800
2002-12-18,28.575001,28.575001,28.125,28.52,21.386999,2508600
2002-12-19,28.25,28.65,28.25,28.525,21.390745000000003,1767000
2002-12-20,28.625,29.225,28.58,29.0,21.746952,3210600
2002-12-23,29.200001,29.75,28.945,29.25,21.934422,1948000
2002-12-24,29.174999,29.209999,29.040001,29.040001,21.776947,563200
2002-12-26,29.105,29.49,29.049999,29.120001000000002,21.836937,758600
2002-12-27,29.025,29.184998999999998,28.690001000000002,28.719998999999998,21.536974,873200
2002-12-30,28.725,29.1,28.504998999999998,29.0,21.746952,1735600
2002-12-31,28.879998999999998,29.1,28.754998999999998,28.885,21.660717,1562800
2003-01-02,29.0,29.700001,28.975,29.65,22.234382999999998,2977000
2003-01-03,29.655001000000002,29.655001000000002,29.275,29.43,22.069407,2127400
2003-01-06,29.43,30.045,29.43,30.0,22.496845,2104200
2003-01-07,30.0,30.07,29.75,29.799999,22.346870000000003,2307400
2003-01-08,29.655001000000002,29.745001000000002,29.174999,29.219998999999998,21.911928,2466800
2003-01-09,29.275,29.75,29.275,29.700001,22.271875,2437400
2003-01-10,29.705,29.705,29.200001,29.200001,21.896931,2603800
2003-01-13,29.200001,29.415001,28.99,29.15,21.859426000000003,2128600
2003-01-14,29.25,29.25,28.75,29.18,21.881930999999998,1463400
2003-01-15,29.184998999999998,29.184998999999998,28.450001,28.575001,21.428242,1730800
2003-01-16,28.700001,29.030001000000002,28.66,28.915001,21.68321,1538200
2003-01-17,28.825001,28.9,28.450001,28.450001,21.334511,2051600
2003-01-21,28.575001,28.584999,28.07,28.07,21.049547,1903400
2003-01-22,28.07,28.325001,27.844998999999998,27.879998999999998,20.907068,1998000
2003-01-23,27.825001,28.0,27.525,27.790001,20.839577,2283600
2003-01-24,27.799999,27.950001,27.084999,27.09,20.314646,1718600
2003-01-27,27.094998999999998,27.094998999999998,25.975,26.045,19.531017000000002,2724600
2003-01-28,26.125,26.875,26.125,26.77,20.074679999999997,2877600
2003-01-29,26.775,27.135,26.280001000000002,26.875,20.153419,2569600
2003-01-30,26.879998999999998,27.184998999999998,26.555,26.555,19.913456,2881000
2003-01-31,26.450001,27.665001,26.365,27.27,20.449631,2704200
2003-02-03,27.15,27.665001,27.15,27.334999,20.498371,1892800
2003-02-04,27.209999,27.209999,26.795,27.014999,20.258402,1536000
2003-02-05,27.02,27.535,26.790001,27.030001000000002,20.269661,2043200
2003-02-06,26.975,27.1,26.5,26.615,19.958454,1450400
2003-02-07,26.924999,26.950001,26.415001,26.415001,19.80847,1433800
2003-02-10,26.379998999999998,26.75,26.209999,26.700001,20.022198,1597400
2003-02-11,26.700001,26.785,26.200001,26.370001000000002,19.774731,1439400
2003-02-12,26.375,26.575001,26.209999,26.23,19.669743,1291400
2003-02-13,26.295,26.42,25.934998999999998,26.290001,19.714731,1302400
2003-02-14,26.290001,26.684998999999998,25.969998999999998,26.59,19.939703,1137400
2003-02-18,26.9,27.275,26.85,27.0,20.24716,1117400
2003-02-19,26.975,27.025,26.559998999999998,26.68,20.007195,1106400
2003-02-20,26.725,26.805,26.305,26.549999,19.909704,1297200
2003-02-21,26.5,26.705,26.200001,26.540001,19.902206,1819400
2003-02-24,26.540001,26.540001,25.885,25.885,19.411032000000002,1461200
2003-02-25,25.6,25.67,25.049999,25.545,19.156064999999998,2937200
2003-02-26,25.545,25.92,25.475,25.684998999999998,19.261047,2009000
2003-02-27,25.75,26.254998999999998,25.709999,26.105,19.576,1258200
2003-02-28,26.200001,26.549999,26.049999,26.424999,19.815975,2196400
2003-03-03,26.625,26.855,26.094998999999998,26.1,19.572254,1410400
2003-03-04,26.15,26.165001,25.75,25.9,19.422276,2351800
2003-03-05,25.885,26.030001000000002,25.575001,26.030001000000002,19.601110000000002,1782000
2003-03-06,25.73,25.99,25.629998999999998,25.855,19.469339,2516400
2003-03-07,25.855,26.285,25.6,26.225,19.747958999999998,1558000
2003-03-10,26.15,26.35,25.555,25.605,19.281082,1075600
2003-03-11,25.615,25.715,25.290001,25.33,19.074007,1431400
2003-03-12,25.344998999999998,25.52,25.014999,25.52,19.217075,1654000
2003-03-13,26.1,27.174999,26.075001,27.174999,20.463324,2525800
2003-03-14,27.35,27.6,27.129998999999998,27.424999,20.651579,2014600
2003-03-17,27.355,28.48,27.025,28.295,21.306708999999998,3656400
2003-03-18,28.389999,28.68,27.754998999999998,28.299999,21.310463000000002,2432600
2003-03-19,28.299999,28.6,28.110001,28.545,21.494965,2038800
2003-03-20,28.545,28.73,28.15,28.715,21.622976,2539200
2003-03-21,28.950001,29.525,28.790001,29.52,22.229157999999998,2277800
2003-03-24,29.52,29.52,28.35,28.514999,21.472372,1773400
2003-03-25,28.924999,28.995001000000002,28.375,28.715,21.622976,2038600
2003-03-26,28.715,28.905001000000002,28.35,28.559998999999998,21.506256,1561800
2003-03-27,28.299999,28.615,28.165001,28.42,21.400831,2143800
2003-03-28,28.42,28.48,28.200001,28.43,21.408365,2246200
2003-03-31,27.295,28.594998999999998,27.295,28.174999,21.216348999999997,1433400
2003-04-01,28.295,29.014999,27.945,28.76,21.656862,1766600
2003-04-02,29.200001,29.75,29.174999,29.625,22.308226,1744600
2003-04-03,29.775,29.775,29.15,29.200001,21.988192,2142200
2003-04-04,29.5,29.65,29.084999,29.254998999999998,22.029612,1867000
2003-04-07,29.75,30.065001000000002,29.23,29.360001,22.108679000000002,2532600
2003-04-08,29.049999,29.094998999999998,28.375,28.65,21.574032,3016200
2003-04-09,28.645,28.860001,28.105,28.174999,21.216348999999997,2040400
2003-04-10,28.5,28.565001000000002,28.290001,28.4,21.385778,1577800
2003-04-11,28.5,28.82,28.0,28.209999,21.242704,1545000
2003-04-14,28.209999,28.75,27.735001,28.65,21.574032,2856800
2003-04-15,28.65,28.809998999999998,28.275,28.780001000000002,21.671917,2765800
2003-04-16,28.85,28.885,28.125,28.15,21.197519,1951800
2003-04-17,28.15,29.0,28.139999,28.834999,21.713339,2803600
2003-04-21,28.924999,29.370001000000002,28.725,28.995001000000002,21.833813,1794600
2003-04-22,28.995001000000002,29.23,28.6,29.209999,21.995720000000002,1829400
2003-04-23,29.209999,29.235001,28.525,29.174999,21.969368,1759200
2003-04-24,29.174999,29.174999,28.469998999999998,28.780001000000002,21.671917,2568600
2003-04-25,28.780001000000002,28.780001000000002,28.120001000000002,28.165001,21.208814999999998,1671200
2003-04-28,28.450001,29.209999,28.35,29.09,21.905363,1319600
2003-04-29,29.09,29.309998999999998,28.790001,28.9,21.762287,2709000
2003-04-30,28.85,29.370001000000002,28.805,29.040001,21.867708,3612200
2003-05-01,29.040001,29.040001,28.305,28.799999,21.686979,1480400
2003-05-02,28.85,29.575001,28.85,29.5,22.214094,1509000
2003-05-05,29.59,29.594998999999998,28.975,29.325001,22.082323000000002,1721200
2003-05-06,29.325001,29.395,29.014999,29.290001,22.055969,1653400
2003-05-07,29.165001,29.184998999999998,28.655001000000002,28.790001,21.679453,1394800
2003-05-08,28.575001,29.0,28.325001,28.41,21.393307,1375600
2003-05-09,28.625,29.165001,28.52,28.965,21.81123,1044400
2003-05-12,28.965,29.52,28.75,29.415001,22.150091,1346200
2003-05-13,29.415001,29.459999,29.135,29.205,21.991962,1328800
2003-05-14,29.174999,29.225,28.75,29.014999,21.848886,1200400
2003-05-15,28.975,29.195,28.82,29.094998999999998,21.909122,1444800
2003-05-16,29.094998999999998,29.24,28.754998999999998,28.834999,21.713339,1060400
2003-05-19,28.834999,28.834999,28.235001,28.32,21.325530999999998,1276800
2003-05-20,28.32,28.754998999999998,28.094998999999998,28.415001,21.397070000000003,1409200
2003-05-21,28.4,28.74,28.285,28.629998999999998,21.558966,1692600
2003-05-22,28.43,29.09,28.43,28.995001000000002,21.833813,1413200
2003-05-23,29.0,29.219998999999998,28.375,29.18,21.973131,1845400
2003-05-27,29.1,29.809998999999998,28.950001,29.73,22.387291,1940000
2003-05-28,29.73,29.799999,29.415001,29.445,22.17268,1520400
2003-05-29,29.48,29.83,28.945,29.084999,21.901588,1900000
2003-05-30,29.549999,30.094998999999998,29.459999,29.995001000000002,22.58684,2789600
2003-06-02,30.1,30.514999,30.025,30.325001,22.835339,2543000
2003-06-03,30.049999,30.35,29.975,30.34,22.846638000000002,2013200
2003-06-04,30.424999,30.5,30.145,30.455,23.014778,1863000
2003-06-05,30.424999,30.625,30.200001,30.535,23.075232,2038400
2003-06-06,30.625,30.719998999999998,30.125,30.139999,22.776739000000003,2125200
2003-06-09,30.25,30.299999,29.725,29.775,22.500902,1567400
2003-06-10,29.860001,30.355,29.764999,30.135,22.772955,1175000
2003-06-11,30.135,30.23,29.934998999999998,30.0,22.670937,2024800
2003-06-12,30.200001,30.68,30.055,30.66,23.169691,2167400
2003-06-13,30.665001,30.795,30.295,30.514999,23.06012,1469800
2003-06-16,30.85,31.75,30.825001,31.73,23.978291,3027600
2003-06-17,31.73,31.945,31.41,31.865,24.080309,2322600
2003-06-18,31.625,31.705,31.0,31.16,23.547543,1216800
2003-06-19,31.235001,31.299999,30.459999,30.59,23.116791,2185800
2003-06-20,30.475,30.625,30.325001,30.450001,23.011001999999998,2088800
2003-06-23,30.450001,30.450001,29.549999,29.674999,22.425329,1971600
2003-06-24,29.575001,29.945,29.575001,29.615,22.379988,2351800
2003-06-25,29.690001000000002,30.014999,29.475,29.504998999999998,22.296860000000002,3560600
2003-06-26,29.540001,29.98,29.389999,29.905001000000002,22.599144,1789200
2003-06-27,29.905001000000002,30.049999,29.58,29.834999,22.546244,2045000
2003-06-30,29.855,30.225,29.635,30.049999,22.708719,1460600
2003-07-01,30.049999,30.084999,29.334999,30.004998999999998,22.674709,1462800
2003-07-02,29.950001,30.549999,29.950001,30.42,22.988326999999998,1416200
2003-07-03,30.42,30.545,29.584999,30.264999,22.871195,873200
2003-07-07,30.700001,31.004998999999998,30.530001000000002,30.865,23.324614,1286800
2003-07-08,30.865,30.924999,30.299999,30.525,23.067675,1904800
2003-07-09,30.525,30.67,30.049999,30.305,22.901413,1482800
2003-07-10,30.18,30.225,30.0,30.15,22.784285,953400
2003-07-11,30.275,30.790001,30.275,30.594998999999998,23.120586,1406800
2003-07-14,30.975,31.065001000000002,30.280001000000002,30.775,23.256598999999998,1326200
2003-07-15,30.9,31.125,30.674999,30.795,23.271715,1318000
2003-07-16,30.77,30.950001,30.235001,30.674999,23.181036,1183200
2003-07-17,30.65,31.084999,30.514999,30.6,23.124352,1292000
2003-07-18,30.719998999999998,31.5,30.700001,31.485001,23.79314,1747200
2003-07-21,31.43,32.240002000000004,31.43,32.240002000000004,24.363697,3147800
2003-07-22,32.16,32.195,31.85,32.049999,24.220116,2292800
2003-07-23,32.049999,32.049999,31.07,31.25,23.615551,3029000
2003-07-24,30.815001000000002,30.815001000000002,29.9,30.469998999999998,23.026107999999997,6072000
2003-07-25,30.485001,31.965,30.459999,31.875,24.087864,3196000
2003-07-28,31.575001,32.424999,31.549999,31.76,24.000963,3201600
2003-07-29,31.65,32.174999,31.6,31.985001,24.170996,2405000
2003-07-30,32.150002,32.25,31.815001000000002,32.244999,24.367476999999997,1495600
2003-07-31,32.375,32.755001,32.299999,32.330002,24.431711,2222600
2003-08-01,32.205002,32.625,32.099998,32.465,24.533731,2089800
2003-08-04,32.465,32.465,31.49,32.125,24.276791,2879800
2003-08-05,32.125,32.345001,31.85,31.85,24.068981,1852200
2003-08-06,31.85,32.18,31.620001000000002,31.84,24.061420000000002,2347000
2003-08-07,31.84,32.244999,30.885,31.885,24.095428,2503800
2003-08-08,31.424999,31.684998999999998,31.32,31.424999,23.747807,2471800
2003-08-11,31.200001,31.495001000000002,31.129998999999998,31.334999,23.679794,1938200
2003-08-12,31.5,31.5,31.135,31.42,23.744028,1806600
2003-08-13,31.545,31.98,31.389999,31.5,23.804479999999998,1861600
2003-08-14,31.75,32.275002,31.67,32.060001,24.227676000000002,2698800
2003-08-15,32.060001,32.060001,31.629998999999998,31.959999,24.1521,608400
2003-08-18,32.049999,32.485001000000004,31.950001,32.43,24.507278,1147800
2003-08-19,32.43,32.470001,31.780001000000002,32.439999,24.514835,1523000
2003-08-20,32.439999,32.439999,32.200001,32.220001,24.348589,1192200
2003-08-21,32.299999,32.785,32.220001,32.625,24.654642000000003,1658200
2003-08-22,32.875,32.895,32.275002,32.275002,24.390144,1302400
2003-08-25,32.125,32.255001,31.924999,32.150002,24.295685,992600
2003-08-26,32.025002,32.150002,31.450001,31.65,23.917837,2425200
2003-08-27,31.775,31.775,31.41,31.5,23.804479999999998,1302200
2003-08-28,31.549999,31.985001,31.32,31.905001000000002,24.110546,1109200
2003-08-29,31.905001000000002,31.975,31.700001,31.91,24.114314999999998,795400
2003-09-02,31.91,32.195,31.75,32.189999,24.325909,1718800
2003-09-03,32.080002,32.450001,31.985001,32.334998999999996,24.517360999999998,1696800
2003-09-04,32.275002,32.330002,31.98,32.09,24.3316,1006400
2003-09-05,31.834999,32.09,31.58,31.93,24.210276,1261400
2003-09-08,32.0,32.365002000000004,31.9,32.139998999999996,24.369509,1842400
2003-09-09,31.84,32.025002,31.67,31.67,24.01314,1274600
2003-09-10,31.525,31.584999,31.27,31.35,23.770504000000003,1883200
2003-09-11,31.549999,31.905001000000002,31.440001000000002,31.65,23.997988,1317800
2003-09-12,31.775,32.119999,31.48,32.02,24.278520999999998,2261400
2003-09-15,32.02,32.035,31.705,31.84,24.142035,1272600
2003-09-16,31.965,32.075001,31.68,31.84,24.142035,1478000
2003-09-17,31.84,31.84,31.465,31.5,23.884247,882000
2003-09-18,31.5,31.68,31.415001,31.6,23.960055999999998,2139400
2003-09-19,31.65,31.65,31.365,31.4,23.80842,2585000
2003-09-22,31.025,31.115,30.799999,30.875,23.410341,1785400
2003-09-23,30.9,31.059998999999998,30.825001,30.975,23.486176,2034800
2003-09-24,31.025,31.025,30.540001,30.635,23.228378,2264800
2003-09-25,30.674999,30.775,30.424999,30.43,23.072935,2020000
2003-09-26,30.43,30.434998999999998,30.049999,30.254998999999998,22.940251999999997,2029200
2003-09-29,30.875,31.135,30.65,30.950001,23.467215,4966800
2003-09-30,30.955,31.200001,30.6,30.975,23.486176,2203800
2003-10-01,31.25,31.635,31.15,31.635,23.986607,1859600
2003-10-02,31.635,31.82,31.450001,31.75,24.073803,1052200
2003-10-03,31.75,32.75,31.75,32.41,24.57423,2123800
2003-10-06,32.424999,32.700001,32.325001,32.564999,24.691757,1581400
2003-10-07,32.564999,32.810001,32.279999,32.75,24.832029000000002,1372800
2003-10-08,32.849998,33.174999,32.744999,33.014998999999996,25.032958999999998,1773400
2003-10-09,33.275002,33.345001,32.799999,32.950001,24.983677,1354400
2003-10-10,33.174999,33.369999,33.014998999999996,33.080002,25.082253,1104600
2003-10-13,33.205002,33.439999,33.099998,33.294998,25.245262,1131600
2003-10-14,33.294998,33.5,33.215,33.490002000000004,25.393124,1948200
2003-10-15,33.625,33.810001,33.435001,33.544998,25.434822,2092600
2003-10-16,33.325001,33.849998,33.32,33.615002000000004,25.4879,1377000
2003-10-17,33.615002000000004,33.720001,33.215,33.290001000000004,25.241474,957000
2003-10-20,33.400002,33.439999,33.060001,33.215,25.18461,884200
2003-10-21,33.215,33.514998999999996,33.154999,33.235001000000004,25.199764000000002,1439000
2003-10-22,33.235001000000004,33.235001000000004,32.685001,32.825001,24.888895,1117800
2003-10-23,32.825001,33.075001,32.549999,32.965,24.995051999999998,1606400
2003-10-24,32.965,32.965,32.560001,32.860001000000004,24.915438,1169200
2003-10-27,32.860001000000004,33.154999,32.799999,33.075001,25.078451,1588200
2003-10-28,33.075001,33.150002,32.48,32.974998,25.00264,2986400
2003-10-29,32.924999,34.849998,32.5,34.349998,26.045195,6524400
2003-10-30,34.75,35.305,34.625,35.044998,26.572163,4189600
2003-10-31,35.044998,35.049999,34.560001,34.790001000000004,26.378823999999998,1623400
2003-11-03,34.790001000000004,35.025002,34.790001000000004,34.900002,26.462222999999998,1075000
2003-11-04,34.900002,35.240002000000004,34.634997999999996,35.029999,26.560796999999997,1429800
2003-11-05,35.029999,35.279999,34.790001000000004,35.154999,26.655575,1285600
2003-11-06,35.075001,35.384997999999996,34.849998,35.330002,26.788265000000003,1031400
2003-11-07,35.330002,35.490002000000004,35.095001,35.185001,26.678321999999998,952800
2003-11-10,35.185001,35.264998999999996,34.695,34.860001000000004,26.431894,903400
2003-11-11,34.860001000000004,34.860001000000004,34.544998,34.564999,26.208216,1019400
2003-11-12,34.564999,34.91,34.400002,34.705002,26.314371,1345200
2003-11-13,34.705002,34.849998,34.514998999999996,34.805,26.390192,1142400
2003-11-14,34.805,35.099998,34.494999,34.68,26.295412,932800
2003-11-17,34.555,34.66,34.224998,34.395,26.079319,1113400
2003-11-18,34.375,34.535,33.884997999999996,33.990002000000004,25.772234,1555200
2003-11-19,34.0,34.174999,33.834998999999996,33.834998999999996,25.654701,1461000
2003-11-20,33.834998999999996,34.299999,33.5,33.895,25.700212,1557400
2003-11-21,34.02,34.075001,33.855,33.875,25.68504,1732600
2003-11-24,34.040001000000004,34.450001,34.025002,34.419998,26.098272,1809200
2003-11-25,35.150002,36.334998999999996,35.025002,36.075001,27.353134000000004,3548400
2003-11-26,36.125,36.349998,35.98,36.044998,27.330391,1857400
2003-11-28,36.075001,36.099998,35.884997999999996,35.889998999999996,27.212878999999997,600400
2003-12-01,35.98,37.049999,35.965,36.790001000000004,27.895284999999998,1617600
2003-12-02,36.825001,36.974998,36.540001000000004,36.75,27.864944,1734000
2003-12-03,36.66,37.330002,36.650002,36.91,28.08946,1396200
2003-12-04,36.625,37.0,36.375,36.950001,28.119888,2333600
2003-12-05,36.950001,36.950001,36.389998999999996,36.400002,27.701328000000004,1437400
2003-12-08,36.150002,36.884997999999996,36.150002,36.875,28.062809,2022200
2003-12-09,37.0,37.195,36.799999,37.029999,28.180777000000003,2077400
2003-12-10,37.099998,37.099998,36.41,36.575001,27.834509000000004,1295200
2003-12-11,36.700001,37.0,36.580002,37.0,28.157934,907800
2003-12-12,37.125,37.275002,36.950001,37.200001,28.310156,1016200
2003-12-15,37.5,37.625,37.029999,37.134997999999996,28.260683,1359600
2003-12-16,37.380001,37.580002,36.959998999999996,37.450001,28.500396999999996,1047600
2003-12-17,37.470001,37.599998,37.060001,37.599998,28.614559000000003,1310000
2003-12-18,37.700001,37.91,37.259997999999996,37.580002,28.599344,1168500
2003-12-19,37.580002,37.580002,36.490002000000004,36.939999,28.112276,1752800
2003-12-22,36.849998,38.049999,36.84,37.959998999999996,28.888529,1067400
2003-12-23,37.599998,37.77,37.41,37.630001,28.637392,932700
2003-12-24,37.630001,37.73,37.310001,37.450001,28.500396999999996,318400
2003-12-26,37.400002,37.799999,37.400002,37.619999,28.62978,185900
2003-12-29,37.880001,38.18,37.529999,38.130001,29.017912,868200
2003-12-30,38.18,38.18,37.700001,38.02,28.934198,1256500
2003-12-31,38.150002,38.259997999999996,37.740002000000004,38.200001,29.071177000000002,905900
2004-01-02,38.150002,38.299999,37.540001000000004,37.650002,28.652618,947800
2004-01-05,38.080002,38.34,37.59,38.110001000000004,29.002684000000002,902300
2004-01-06,38.040001000000004,38.25,37.68,38.080002,28.979858,1167500
2004-01-07,38.080002,38.09,37.18,38.09,28.987472999999998,945800
2004-01-08,38.09,38.759997999999996,37.869999,38.759997999999996,29.497336999999998,966500
2004-01-09,38.509997999999996,38.549999,37.450001,37.650002,28.652618,1390900
2004-01-12,37.93,37.93,37.419998,37.57,28.591734000000002,1233000
2004-01-13,37.66,37.77,37.009997999999996,37.349998,28.424301,1274300
2004-01-14,37.349998,37.689999,37.110001000000004,37.610001000000004,28.622177,947300
2004-01-15,37.599998,37.970001,37.25,37.599998,28.614559000000003,1325400
2004-01-16,37.880001,38.349998,37.599998,38.119999,29.010294000000002,1270500
2004-01-20,38.279999,38.380001,37.959998999999996,38.16,29.040722,1140800
2004-01-21,38.099998,38.169998,37.259997999999996,37.700001,28.690665999999997,1404200
2004-01-22,37.650002,37.66,36.41,36.41,27.708941999999997,2155700
2004-01-23,36.599998,36.66,35.810001,35.810001,27.252327,2625900
2004-01-26,35.810001,36.080002,35.299999,35.900002,27.320826,2641900
2004-01-27,36.200001,37.23,35.650002,36.599998,27.853539,2713900
2004-01-28,36.779999,36.849998,36.009997999999996,36.009997999999996,27.404531,2814800
2004-01-29,36.02,36.200001,35.200001,35.400002,26.940303999999998,2230300
2004-01-30,35.25,35.5,35.040001000000004,35.41,26.947912,2227600
2004-02-02,35.41,35.700001,35.200001,35.240002000000004,26.818537,1821600
2004-02-03,35.299999,35.48,35.130001,35.349998,26.902258000000003,965800
2004-02-04,35.419998,35.549999,35.07,35.200001,26.788092,1157600
2004-02-05,35.150002,35.669998,35.139998999999996,35.279999,26.848974,1394900
2004-02-06,35.34,36.0,35.07,35.849998,27.282766,1362300
2004-02-09,36.029999,36.450001,35.860001000000004,36.16,27.518691999999998,1253800
2004-02-10,36.299999,36.299999,35.91,36.16,27.518691999999998,1239800
2004-02-11,36.009997999999996,36.91,35.939999,36.759997999999996,27.9753,1736300
2004-02-12,36.400002,36.470001,35.869999,35.919998,27.33604,1572100
2004-02-13,36.0,36.23,35.549999,35.700001,27.168619,1303800
2004-02-17,36.049999,36.200001,35.810001,35.98,27.381708000000003,594800
2004-02-18,36.5,36.630001,35.82,36.25,27.587175,1476300
2004-02-19,36.650002,37.450001,36.650002,36.860001000000004,28.051395,1412600
2004-02-20,37.09,37.09,36.16,36.490002000000004,27.769815,957500
2004-02-23,36.490002000000004,36.490002000000004,35.68,36.209998999999996,27.556735999999997,1230900
2004-02-24,36.200001,36.889998999999996,36.049999,36.580002,27.838318,1263600
2004-02-25,36.310001,36.950001,36.25,36.84,28.036185999999997,1111800
2004-02-26,36.75,37.0,36.310001,36.860001000000004,28.051395,1138900
2004-02-27,37.02,37.150002,36.200001,36.32,27.640448,2602900
2004-03-01,36.450001,36.799999,36.360001000000004,36.66,27.899185,1290800
2004-03-02,36.5,36.610001000000004,36.220001,36.349998,27.663277,1402000
2004-03-03,36.450001,36.68,36.169998,36.450001,27.854321999999996,1150500
2004-03-04,36.689999,37.009997999999996,36.310001,36.990002000000004,28.266979,1423700
2004-03-05,36.990002000000004,37.5,36.959998999999996,37.330002,28.526798,1636300
2004-03-08,36.900002,37.369999,36.900002,37.200001,28.427467,1266700
2004-03-09,37.349998,37.450001,36.950001,37.310001,28.511515000000003,2219700
2004-03-10,37.27,37.27,35.639998999999996,35.73,27.304122999999997,2455600
2004-03-11,35.73,35.889998999999996,35.110001000000004,35.27,26.952602000000002,2232900
2004-03-12,35.349998,35.900002,35.290001000000004,35.59,27.197138,1162400
2004-03-15,35.52,35.52,34.849998,35.130001,26.845612,1262000
2004-03-16,35.75,35.849998,35.060001,35.389998999999996,27.044290999999998,961000
2004-03-17,35.400002,35.970001,35.400002,35.77,27.334675,918800
2004-03-18,35.799999,35.849998,35.380001,35.720001,27.296473,560100
2004-03-19,35.52,35.98,35.509997999999996,35.57,27.181852000000003,696700
2004-03-22,35.220001,35.549999,34.52,35.040001000000004,26.776833,972800
2004-03-23,35.200001,35.529999,34.599998,34.810001,26.60108,1281900
2004-03-24,34.869999,35.099998,34.650002,34.700001,26.517014,1025300
2004-03-25,35.299999,36.450001,35.189999,36.34,27.770273,1663500
2004-03-26,36.150002,36.23,35.84,35.939999,27.464588,1686400
2004-03-29,36.25,37.509997999999996,36.240002000000004,37.23,28.450382,1376700
2004-03-30,37.23,37.240002000000004,36.619999,36.91,28.205854,962800
2004-03-31,37.049999,37.349998,36.310001,37.119999,28.366331,1295600
2004-04-01,37.349998,37.75,37.130001,37.259997999999996,28.473312,994000
2004-04-02,37.950001,38.450001,37.73,37.900002,28.962393,1223700
2004-04-05,37.830002,38.189999,37.73,38.049999,29.077002,854200
2004-04-06,37.950001,38.369999,37.810001,38.349998,29.306263,1183800
2004-04-07,38.349998,38.490002000000004,37.84,37.990002000000004,29.031153000000003,1363000
2004-04-08,38.299999,38.470001,37.799999,38.009997999999996,29.046442,788000
2004-04-12,38.009997999999996,38.560001,38.009997999999996,38.540001000000004,29.451459999999997,691500
2004-04-13,38.59,38.59,37.950001,38.009997999999996,29.046442,1006800
2004-04-14,38.009997999999996,38.529999,37.830002,37.900002,28.962393,1471300
2004-04-15,38.049999,38.490002000000004,38.02,38.290001000000004,29.260401,826400
2004-04-16,38.5,38.75,38.139998999999996,38.5,29.420890999999997,839800
2004-04-19,38.32,38.59,38.119999,38.48,29.405609000000002,536700
2004-04-20,38.599998,38.77,37.689999,37.689999,28.801907,877700
2004-04-21,37.799999,38.049999,37.360001000000004,37.84,28.916528999999997,1311600
2004-04-22,37.400002,38.66,37.400002,38.389998999999996,29.336823,1363400
2004-04-23,38.450001,38.450001,37.759997999999996,38.02,29.054087,830100
2004-04-26,38.0,38.380001,37.73,37.75,28.847748,708700
2004-04-27,37.75,38.049999,37.400002,37.599998,28.733131,1559600
2004-04-28,37.720001,37.73,36.669998,36.799999,28.121786,1547200
2004-04-29,37.0,37.150002,36.240002000000004,36.310001,27.747343,1777100
2004-04-30,36.700001,37.330002,36.330002,36.549999,27.930752000000002,1252300
2004-05-03,36.650002,37.110001000000004,35.830002,37.009997999999996,28.282272,2238600
2004-05-04,37.0,37.57,36.619999,37.169998,28.404531,1030600
2004-05-05,37.049999,37.34,36.52,37.209998999999996,28.435093,1094500
2004-05-06,37.049999,37.150002,36.66,37.0,28.274628000000003,851400
2004-05-07,36.5,36.869999,35.450001,35.5,27.128359000000003,1920300
2004-05-10,35.25,35.810001,34.950001,35.540001000000004,27.158924,1358500
2004-05-11,35.580002,36.240002000000004,35.580002,36.240002000000004,27.69385,1328000
2004-05-12,36.0,36.150002,35.119999,36.080002,27.571575,1433400
2004-05-13,35.700001,36.34,35.5,36.27,27.716768,848200
2004-05-14,36.07,36.389998999999996,35.52,36.27,27.716768,1231000
2004-05-17,35.849998,35.950001,34.880001,34.93,26.692766,1901400
2004-05-18,35.099998,35.400002,34.98,35.259997999999996,26.94495,1830000
2004-05-19,35.5,36.139998999999996,34.799999,35.02,26.761554999999998,1374700
2004-05-20,35.849998,35.900002,35.130001,35.220001,26.914385,1653500
2004-05-21,35.549999,36.060001,35.299999,35.400002,27.051934999999997,1572300
2004-05-24,35.75,36.099998,35.169998,35.25,26.937302000000003,1303700
2004-05-25,35.299999,36.32,35.119999,36.220001,27.678558000000002,1233200
2004-05-26,36.25,36.950001,36.25,36.75,28.083585999999997,1414300
2004-05-27,37.049999,37.470001,36.75,36.939999,28.228771000000002,1398100
2004-05-28,37.099998,37.099998,36.490002000000004,36.990002000000004,28.266979,908600
2004-06-01,36.869999,37.060001,36.720001,36.950001,28.236418,1061300
2004-06-02,37.220001,37.470001,36.75,37.43,28.603222,1028300
2004-06-03,37.029999,37.25,36.700001,36.810001,28.242617,1065500
2004-06-04,36.939999,37.450001,36.939999,37.25,28.580196,912800
2004-06-07,37.439999,38.0,37.400002,37.98,29.140293,859300
2004-06-08,37.990002000000004,37.990002000000004,37.549999,37.810001,29.009865,1303600
2004-06-09,37.810001,38.0,37.41,37.509997999999996,28.779690000000002,819700
2004-06-10,37.849998,37.919998,37.459998999999996,37.610001000000004,28.856415000000002,599400
2004-06-14,37.619999,37.619999,36.98,37.200001,28.541842,648700
2004-06-15,37.599998,37.799999,37.310001,37.41,28.702959000000003,971800
2004-06-16,37.619999,37.619999,36.950001,37.330002,28.641584,581900
2004-06-17,37.299999,37.5,37.169998,37.389998999999996,28.687614,955100
2004-06-18,37.200001,38.240002000000004,37.189999,37.73,28.948490000000003,804900
2004-06-21,37.48,37.849998,37.349998,37.48,28.756672,851500
2004-06-22,37.5,38.0,37.43,37.900002,29.07892,1238000
2004-06-23,37.939999,38.380001,37.709998999999996,38.259997999999996,29.355131,1185900
2004-06-24,38.290001000000004,39.110001000000004,38.200001,38.799999,29.769446999999996,1766100
2004-06-25,38.799999,39.200001,38.599998,38.73,29.715734,1396700
2004-06-28,38.599998,38.889998999999996,38.509997999999996,38.77,29.746434999999998,1324000
2004-06-29,38.77,39.849998,38.709998999999996,39.84,30.567389000000002,1615800
2004-06-30,39.84,40.139998999999996,39.529999,39.91,30.621086,1604300
2004-07-01,39.73,39.84,38.669998,39.07,29.976615999999996,1034300
2004-07-02,38.849998,38.919998,38.200001,38.84,29.800134999999997,606600
2004-07-06,38.700001,39.02,38.299999,38.389998999999996,29.454882,961200
2004-07-07,38.330002,38.639998999999996,38.0,38.43,29.485559000000002,1094800
2004-07-08,38.43,38.439999,37.959998999999996,37.970001,29.132624,729500
2004-07-09,38.23,38.720001,38.130001,38.5,29.539274,981000
2004-07-12,38.57,38.830002,38.110001000000004,38.700001,29.692728000000002,496700
2004-07-13,38.75,39.529999,38.560001,39.52,30.321871,1576900
2004-07-14,39.529999,40.119999,39.400002,39.919998,30.628775,2304400
2004-07-15,39.900002,40.290001000000004,39.869999,40.130001,30.789897999999997,1330000
2004-07-16,40.650002,40.650002,39.919998,40.119999,30.782211,1354400
2004-07-19,40.130001,40.310001,39.91,40.02,30.705492,1143900
2004-07-20,39.959998999999996,40.150002,39.799999,40.099998,30.766876,1577700
2004-07-21,40.099998,40.130001,39.459998999999996,39.599998,30.383246999999997,1558800
2004-07-22,39.349998,39.459998999999996,38.880001,39.080002,29.984276,1565800
2004-07-23,39.0,39.200001,38.389998999999996,38.639998999999996,29.646691999999998,1045900
2004-07-26,38.75,38.849998,38.029999,38.220001,29.324444,1838700
2004-07-27,38.150002,38.790001000000004,37.98,38.75,29.731078999999998,1337200
2004-07-28,38.75,38.849998,38.299999,38.689999,29.685041,1517300
2004-07-29,38.700001,39.720001,38.700001,39.52,30.321871,813800
2004-07-30,39.5,39.790001000000004,39.060001,39.450001,30.268156,944200
2004-08-02,39.459998999999996,39.759997999999996,39.16,39.689999,30.452295,650500
2004-08-03,39.689999,39.740002000000004,38.950001,39.5,30.306524,830200
2004-08-04,39.049999,40.27,38.560001,39.950001,30.651781,1627500
2004-08-05,39.939999,39.959998999999996,38.900002,39.029999,29.945925,829500
2004-08-06,38.810001,38.810001,37.59,37.66,28.894781,1087000
2004-08-09,37.91,38.389998999999996,37.84,38.080002,29.217026,721400
2004-08-10,37.950001,38.689999,37.950001,38.59,29.608326,706700
2004-08-11,38.279999,38.869999,38.130001,38.630001,29.639015,1094400
2004-08-12,38.59,38.59,38.130001,38.220001,29.324444,706700
2004-08-13,38.25,38.389998999999996,37.709998999999996,38.200001,29.309084000000002,1453000
2004-08-16,38.200001,39.700001,38.200001,39.700001,30.459963000000002,1427100
2004-08-17,39.700001,39.939999,39.5,39.540001000000004,30.337219,957500
2004-08-18,39.52,40.0,39.259997999999996,40.0,30.690163000000002,768700
2004-08-19,39.849998,40.0,39.610001000000004,39.990002000000004,30.682485999999997,763400
2004-08-20,39.990002000000004,40.240002000000004,39.790001000000004,40.02,30.705492,797100
2004-08-23,40.16,40.18,39.720001,39.720001,30.475310999999998,868100
2004-08-24,40.150002,40.59,40.029999,40.200001,30.843591999999997,789500
2004-08-25,40.209998999999996,40.639998999999996,39.91,40.610001000000004,31.158179999999998,1112800
2004-08-26,40.700001,41.48,40.68,41.23,31.633854,1266200
2004-08-27,41.23,41.23,40.549999,40.700001,31.227210999999997,940700
2004-08-30,40.709998999999996,40.98,40.389998999999996,40.389998999999996,30.989384,682000
2004-08-31,40.549999,40.720001,40.279999,40.580002,31.135165999999998,723900
2004-09-01,40.75,41.25,40.57,40.869999,31.35766,782100
2004-09-02,40.799999,42.119999,40.799999,42.02,32.358765000000005,1077200
2004-09-03,42.0,42.549999,41.950001,42.299999,32.574387,1494700
2004-09-07,42.0,42.290001000000004,41.869999,41.939999,32.297153,2290900
2004-09-08,42.25,42.25,41.48,41.599998,32.035339,1589300
2004-09-09,41.450001,41.700001,41.240002000000004,41.27,31.781206,1265800
2004-09-10,41.400002,41.610001000000004,41.029999,41.610001000000004,32.043026,777700
2004-09-13,41.16,41.73,41.099998,41.630001,32.058426000000004,866600
2004-09-14,41.82,41.93,41.049999,41.610001000000004,32.043026,1275500
2004-09-15,41.66,41.700001,41.02,41.490002000000004,31.950623999999998,961000
2004-09-16,41.32,42.41,41.32,42.009997999999996,32.351051,777800
2004-09-17,42.200001,42.459998999999996,42.09,42.259997999999996,32.543587,965000
2004-09-20,42.080002,42.459998999999996,41.919998,42.209998999999996,32.505077,479900
2004-09-21,42.099998,42.490002000000004,42.099998,42.34,32.60519,619900
2004-09-22,42.349998,42.400002,41.77,41.98,32.327961,1721500
2004-09-23,41.950001,42.080002,41.200001,41.27,31.781206,1019300
2004-09-24,41.299999,41.700001,41.299999,41.549999,31.996819,1374900
2004-09-27,41.549999,41.68,41.200001,41.360001000000004,31.850527000000003,921100
2004-09-28,41.400002,42.150002,41.400002,42.0,32.343357,1288800
2004-09-29,42.0,42.150002,41.650002,42.0,32.343357,1348500
2004-09-30,42.150002,43.029999,41.970001,42.740002000000004,32.913204,2263700
2004-10-01,43.200001,43.290001000000004,42.459998999999996,42.709998999999996,32.890121,1251000
2004-10-04,42.799999,43.259997999999996,42.799999,43.049999,33.151939,1016500
2004-10-05,43.0,43.110001000000004,42.630001,43.0,33.113453,1039100
2004-10-06,42.75,43.18,42.75,43.150002,33.228953999999995,851900
2004-10-07,43.139998999999996,43.139998999999996,42.360001000000004,42.360001000000004,32.620598,790400
2004-10-08,42.139998999999996,42.450001,41.860001000000004,42.200001,32.497386999999996,1086900
2004-10-11,42.419998,42.709998999999996,42.130001,42.400002,32.651402000000004,966900
2004-10-12,42.380001,42.380001,41.669998,42.0,32.343357,1190700
2004-10-13,42.0,42.060001,41.130001,41.439999,31.912117,1248200
2004-10-14,41.150002,41.860001000000004,41.150002,41.630001,32.058426000000004,1313400
2004-10-15,41.900002,42.900002,41.77,42.419998,32.666794,946600
2004-10-18,42.200001,42.77,42.009997999999996,42.5,32.728405,760700
2004-10-19,42.5,42.919998,41.84,41.889998999999996,32.258656,1000800
2004-10-20,41.849998,42.209998999999996,41.619999,42.150002,32.458866,858100
2004-10-21,42.150002,42.450001,41.630001,41.950001,32.304852000000004,1217000
2004-10-22,42.150002,42.369999,41.509997999999996,41.549999,31.996819,1140100
2004-10-25,41.450001,41.93,41.25,41.799999,32.189327,589900
2004-10-26,41.900002,42.650002,41.360001000000004,42.5,32.728405,1014600
2004-10-27,42.299999,42.299999,41.389998999999996,42.049999,32.381865999999995,1626300
2004-10-28,41.799999,41.98,40.73,41.84,32.22015,1660800
2004-10-29,41.639998999999996,42.580002,41.639998999999996,42.200001,32.497386999999996,1187200
2004-11-01,42.400002,42.400002,41.810001,42.169998,32.474281,868700
2004-11-02,42.099998,42.73,41.880001,42.0,32.343357,902500
2004-11-03,42.619999,42.93,42.380001,42.52,32.743793,754600
2004-11-04,42.25,43.740002000000004,42.25,43.740002000000004,33.683310999999996,927000
2004-11-05,43.740002000000004,44.189999,43.389998999999996,43.740002000000004,33.683310999999996,1019700
2004-11-08,43.529999,43.700001,43.32,43.669998,33.629395,1027700
2004-11-09,43.669998,43.970001,43.59,43.689999,33.644802,855600
2004-11-10,43.849998,44.220001,43.689999,44.0,33.883518,1153700
2004-11-11,44.299999,44.349998,44.02,44.07,33.937431,1155700
2004-11-12,44.200001,44.580002,43.799999,44.470001,34.245453000000005,795800
2004-11-15,44.470001,44.549999,43.939999,44.27,34.09145,500400
2004-11-16,44.099998,44.189999,43.799999,43.82,33.744911,880100
2004-11-17,44.299999,44.900002,44.299999,44.380001,34.176147,1191900
2004-11-18,44.389998999999996,44.889998999999996,44.389998999999996,44.77,34.476471000000004,575400
2004-11-19,44.77,44.77,44.0,44.310001,34.122238,1086200
2004-11-22,44.400002,44.799999,43.959998999999996,44.599998,34.34557,1194900
2004-11-23,44.700001,44.720001,44.220001,44.389998999999996,34.183849,1295900
2004-11-24,44.5,44.779999,44.439999,44.73,34.445679,817100
2004-11-26,44.73,45.200001,44.68,45.200001,34.807613,925400
2004-11-29,45.049999,45.240002000000004,44.529999,44.830002,34.522682,1376400
2004-11-30,44.75,45.060001,44.509997999999996,44.900002,34.576595000000005,1381800
2004-12-01,45.099998,45.610001000000004,44.869999,45.610001000000004,35.123348,1302400
2004-12-02,45.990002000000004,46.130001,45.509997999999996,45.740002000000004,35.223457,1687100
2004-12-03,46.25,46.25,45.209998999999996,45.970001,35.517047999999996,1311000
2004-12-06,45.970001,46.0,45.650002,45.84,35.416622,1021900
2004-12-07,45.150002,45.369999,44.5,44.630001,34.481743,1530100
2004-12-08,44.639998999999996,44.869999,44.25,44.669998,34.512657,937200
2004-12-09,44.669998,44.740002000000004,43.849998,44.490002000000004,34.373591999999995,1329200
2004-12-10,45.290001000000004,45.290001000000004,44.200001,44.200001,34.149536,826100
2004-12-13,44.150002,44.450001,44.040001000000004,44.189999,34.141811,1534300
2004-12-14,43.889998999999996,44.349998,43.889998999999996,44.119999,34.08773,871300
2004-12-15,44.130001,44.610001000000004,44.049999,44.400002,34.304047,1071300
2004-12-16,44.41,44.459998999999996,43.77,43.939999,33.94865,1439700
2004-12-17,43.0,43.790001000000004,42.939999,43.150002,33.338284,3125500
2004-12-20,43.650002,44.400002,43.650002,43.860001000000004,33.886829,1259100
2004-12-21,43.900002,44.32,43.799999,44.259997999999996,34.195889,1317100
2004-12-22,43.650002,44.470001,43.599998,44.110001000000004,34.07999,1802900
2004-12-23,44.200001,44.41,44.0,44.34,34.257690000000004,684800
2004-12-27,44.549999,44.700001,43.889998999999996,44.139998999999996,34.103157,757500
2004-12-28,44.07,44.5,44.07,44.459998999999996,34.350414,617000
2004-12-29,44.459998999999996,44.459998999999996,44.220001,44.349998,34.265423,428400
2004-12-30,44.360001000000004,44.599998,44.25,44.400002,34.304047,534200
2004-12-31,44.549999,44.57,44.139998999999996,44.150002,34.110893,545200
2005-01-03,44.349998,44.549999,43.52,43.98,33.979541999999995,1382800
2005-01-04,43.900002,43.970001,43.09,43.349998,33.492813,1776800
2005-01-05,43.209998999999996,43.790001000000004,42.470001,42.470001,32.81292,2078100
2005-01-06,42.299999,43.009997999999996,42.240002000000004,42.889998999999996,33.137409000000005,2095900
2005-01-07,42.919998,43.130001,42.73,42.880001,33.129677,1226200
2005-01-10,42.630001,43.07,42.529999,42.73,33.013798,797100
2005-01-11,42.73,42.869999,42.200001,42.619999,32.928795,828000
2005-01-12,42.529999,42.869999,42.150002,42.84,33.09877,1081600
2005-01-13,42.650002,42.759997999999996,42.110001000000004,42.18,32.588856,1093300
2005-01-14,42.099998,42.25,41.869999,42.189999,32.596577,1829100
2005-01-18,41.849998,42.490002000000004,41.759997999999996,42.41,32.76656,1025600
2005-01-19,42.25,42.290001000000004,41.779999,41.82,32.310707,1150800
2005-01-20,41.790001000000004,41.799999,41.209998999999996,41.380001,31.970748999999998,1970800
2005-01-21,41.450001,41.509997999999996,41.060001,41.150002,31.793058000000002,2255800
2005-01-24,41.099998,41.439999,41.07,41.07,31.731237,1107300
2005-01-25,41.200001,41.880001,41.09,41.209998999999996,31.839403000000004,1736900
2005-01-26,41.650002,41.990002000000004,41.27,41.919998,32.38797,3124900
2005-01-27,41.919998,42.860001000000004,41.919998,42.580002,32.897892,2224600
2005-01-28,42.59,42.66,42.330002,42.650002,32.951977,1466300
2005-01-31,43.200001,43.25,42.91,43.150002,33.338284,1245800
2005-02-01,43.150002,43.380001,42.93,43.150002,33.338284,1171600
2005-02-02,43.349998,43.439999,43.099998,43.150002,33.338284,1270800
2005-02-03,43.049999,43.07,42.650002,42.990002000000004,33.214667999999996,909900
2005-02-04,42.950001,44.209998999999996,42.950001,44.130001,34.095448,1256200
2005-02-07,44.029999,44.959998999999996,44.009997999999996,44.720001,34.551303999999995,1496800
2005-02-08,44.849998,44.849998,44.450001,44.630001,34.481743,936500
2005-02-09,44.560001,44.669998,43.810001,43.98,33.979541999999995,996600
2005-02-10,44.0,44.599998,43.900002,44.34,34.257690000000004,834000
2005-02-11,44.380001,45.169998,44.110001000000004,44.84,34.643997,840000
2005-02-14,44.700001,44.880001,44.599998,44.799999,34.613091,538600
2005-02-15,44.700001,45.25,44.610001000000004,45.189999,34.91441,724500
2005-02-16,44.900002,45.290001000000004,44.75,45.16,34.891242999999996,991700
2005-02-17,44.950001,45.27,44.869999,45.0,34.767616,971800
2005-02-18,45.049999,45.459998999999996,45.029999,45.200001,34.922131,791300
2005-02-22,44.919998,45.200001,44.200001,44.25,34.188164,1190000
2005-02-23,44.400002,44.619999,44.099998,44.52,34.396755,1006200
2005-02-24,44.52,44.880001,44.299999,44.880001,34.674908,1299800
2005-02-25,44.720001,45.459998999999996,44.57,45.419998,35.092129,1349700
2005-02-28,45.099998,45.299999,44.610001000000004,44.830002,34.636272,1333400
2005-03-01,44.830002,45.59,44.830002,45.400002,35.076675,1423800
2005-03-02,45.0,45.900002,44.849998,45.77,35.362522,1626900
2005-03-03,45.900002,46.040001000000004,45.549999,45.900002,35.602978,1208900
2005-03-04,46.200001,47.169998,46.099998,47.169998,36.588058000000004,2096700
2005-03-07,47.799999,48.360001000000004,47.529999,47.75,37.037964,2493300
2005-03-08,47.970001,47.970001,47.560001,47.73,37.022449,1526600
2005-03-09,48.049999,48.509997999999996,47.900002,48.139998999999996,37.340485,2548100
2005-03-10,48.0,48.189999,47.220001,47.75,37.037964,1802000
2005-03-11,47.650002,48.34,47.52,47.849998,37.115536,1304700
2005-03-14,48.0,48.369999,47.759997999999996,48.310001,37.472359000000004,1063800
2005-03-15,48.310001,48.34,47.669998,47.75,37.037964,1343700
2005-03-16,47.759997999999996,47.790001000000004,46.889998999999996,46.970001,36.432957,1652300
2005-03-17,47.049999,48.080002,46.869999,47.959998999999996,37.200859,1708500
2005-03-18,47.970001,48.049999,47.470001,47.900002,37.154312,1586100
2005-03-21,47.849998,47.860001000000004,47.290001000000004,47.41,36.774242,929600
2005-03-22,47.299999,48.139998999999996,47.18,47.549999,36.882835,1769300
2005-03-23,47.400002,48.060001,47.400002,47.849998,37.115536,1641900
2005-03-24,47.970001,48.299999,47.759997999999996,47.810001,37.084499,1042600
2005-03-28,48.049999,48.189999,47.799999,47.950001,37.193111,946700
2005-03-29,48.049999,48.16,46.669998,46.68,36.208012,1307800
2005-03-30,46.869999,47.560001,46.689999,47.5,36.844048,1285400
2005-03-31,47.650002,48.029999,47.560001,47.860001000000004,37.123283,1040800
2005-04-01,48.299999,48.400002,47.5,47.639998999999996,36.952644,1386900
2005-04-04,47.400002,47.91,47.25,47.759997999999996,37.045722999999995,1137700
2005-04-05,47.75,47.93,47.509997999999996,47.759997999999996,37.045722999999995,964000
2005-04-06,48.09,48.540001000000004,48.040001000000004,48.200001,37.38702,1234900
2005-04-07,48.25,48.630001,47.849998,48.619999,37.712799,1220400
2005-04-08,48.619999,48.799999,48.400002,48.43,37.565414000000004,1162200
2005-04-11,48.5,49.419998,48.169998,48.880001,37.914467,2097100
2005-04-12,48.880001,48.900002,47.75,48.700001,37.774848999999996,1680800
2005-04-13,48.450001,48.450001,46.98,47.150002,36.572567,1906700
2005-04-14,47.049999,47.049999,45.790001000000004,46.330002,35.936535,2360700
2005-04-15,45.799999,45.82,44.610001000000004,44.77,34.726494,2153100
2005-04-18,44.52,45.150002,44.310001,44.919998,34.842827,1864900
2005-04-19,45.07,45.880001,44.939999,45.799999,35.525421,1419300
2005-04-20,45.700001,45.790001000000004,44.740002000000004,44.77,34.726494,1185200
2005-04-21,44.779999,46.310001,44.009997999999996,46.25,35.874458000000004,1744100
2005-04-22,46.259997999999996,46.32,45.290001000000004,45.740002000000004,35.478885999999996,1312200
2005-04-25,46.099998,46.59,45.73,46.139998999999996,35.789139,816700
2005-04-26,45.900002,46.43,45.209998999999996,45.240002000000004,35.091038,896500
2005-04-27,45.240002000000004,45.73,44.360001000000004,45.709998999999996,35.455605,1854600
2005-04-28,45.849998,46.27,45.049999,45.049999,34.943676,1904800
2005-04-29,46.099998,46.830002,45.950001,46.830002,36.324356,2142300
2005-05-02,46.799999,47.080002,46.48,46.759997999999996,36.270058,1137600
2005-05-03,46.799999,47.389998999999996,46.529999,47.099998,36.533783,1219800
2005-05-04,47.43,47.459998999999996,47.0,47.43,36.789757,1211100
2005-05-05,47.349998,47.549999,46.860001000000004,47.23,36.634617,1152400
2005-05-06,47.349998,47.779999,46.950001,47.200001,36.611351,980400
2005-05-09,47.200001,47.34,46.799999,47.099998,36.533783,1188500
2005-05-10,46.849998,46.860001000000004,46.189999,46.259997999999996,35.882221,1490400
2005-05-11,46.200001,46.869999,45.880001,46.82,36.316596999999994,1877200
2005-05-12,46.75,47.759997999999996,44.849998,45.130001,35.005736999999996,2431300
2005-05-13,45.27,45.529999,43.48,43.869999,34.028389000000004,2609800
2005-05-16,43.900002,44.98,43.779999,44.93,34.850586,1196100
2005-05-17,44.900002,45.880001,44.549999,45.73,35.471138,1408200
2005-05-18,47.0,48.450001,46.119999,48.279999,37.449073999999996,2501000
2005-05-19,48.099998,48.200001,47.34,47.580002,36.906101,1392300
2005-05-20,47.209998999999996,47.5,46.869999,47.240002000000004,36.642379999999996,879700
2005-05-23,47.189999,47.98,47.150002,47.549999,36.882835,941000
2005-05-24,47.330002,47.580002,46.950001,47.09,36.526016,1075600
2005-05-25,46.869999,47.34,46.23,46.709998999999996,36.231289000000004,1056000
2005-05-26,46.919998,47.150002,46.700001,46.900002,36.378646999999994,801200
2005-05-27,46.799999,46.950001,46.619999,46.900002,36.378646999999994,772900
2005-05-31,46.810001,47.209998999999996,46.52,46.869999,36.355389,742300
2005-06-01,46.889998999999996,48.080002,46.82,47.889998999999996,37.146553000000004,949400
2005-06-02,47.450001,47.959998999999996,46.959998999999996,47.900002,37.154312,977700
2005-06-03,47.599998,48.049999,47.040001000000004,47.040001000000004,36.624878,699000
2005-06-06,46.950001,47.25,46.5,46.98,36.578156,1011700
2005-06-07,47.23,47.830002,46.939999,46.939999,36.54702,1102400
2005-06-08,47.25,47.259997999999996,46.279999,46.369999,36.103226,923300
2005-06-09,46.16,46.93,45.810001,46.66,36.329025,869700
2005-06-10,46.669998,47.07,46.400002,46.509997999999996,36.212219,698800
2005-06-13,46.32,47.23,46.200001,46.549999,36.243362,788200
2005-06-14,46.450001,47.09,46.439999,46.860001000000004,36.484734,685000
2005-06-15,47.150002,47.419998,46.709998999999996,47.419998,36.920738,786400
2005-06-16,47.509997999999996,48.720001,47.5,48.369999,37.660416,1241300
2005-06-17,48.799999,48.799999,48.0,48.0,37.372322,1341900
2005-06-20,47.669998,48.700001,47.330002,48.439999,37.714897,1524800
2005-06-21,48.25,48.830002,48.139998999999996,48.830002,38.018547,1704300
2005-06-22,48.68,49.150002,48.68,49.119999,38.244347,1764400
2005-06-23,48.93,49.150002,47.200001,47.200001,36.749443,1269200
2005-06-24,47.07,47.650002,46.099998,46.470001,36.181076000000004,2251700
2005-06-27,46.290001000000004,47.0,45.900002,46.48,36.188869,1525100
2005-06-28,46.560001,47.66,46.560001,47.169998,36.726089,862600
2005-06-29,47.209998999999996,47.439999,47.02,47.290001000000004,36.819519,738300
2005-06-30,47.150002,47.779999,46.5,46.599998,36.282303000000006,1715300
2005-07-01,46.66,46.950001,46.110001000000004,46.290001000000004,36.040936,1030400
2005-07-05,46.290001000000004,46.349998,45.77,46.040001000000004,35.846275,1157000
2005-07-06,45.830002,46.369999,45.799999,46.060001,35.861858000000005,1262200
2005-07-07,45.560001,46.66,44.549999,46.580002,36.266735,1599500
2005-07-08,46.790001000000004,47.470001,46.68,47.349998,36.866226,1333900
2005-07-11,47.75,48.549999,47.75,48.5,37.76162,1431500
2005-07-12,48.27,48.290001000000004,47.470001,48.060001,37.419028999999995,1213400
2005-07-13,48.040001000000004,48.290001000000004,47.549999,47.98,37.35675,591100
2005-07-14,47.98,48.540001000000004,47.900002,47.91,37.302261,745500
2005-07-15,47.919998,48.130001,47.790001000000004,47.880001,37.278889,655800
2005-07-18,47.75,48.080002,47.509997999999996,47.790001000000004,37.208813,475800
2005-07-19,48.0,48.450001,47.849998,48.02,37.387890000000006,1059700
2005-07-20,47.849998,48.77,47.830002,48.68,37.901764,961000
2005-07-21,48.849998,48.939999,48.0,48.110001000000004,37.457962,773300
2005-07-22,48.330002,48.82,48.150002,48.709998999999996,37.92511,743000
2005-07-25,48.599998,48.990002000000004,48.400002,48.470001,37.738262,932100
2005-07-26,47.849998,48.209998999999996,47.41,47.419998,36.920738,1850900
2005-07-27,47.75,48.700001,47.630001,48.150002,37.489124,1412000
2005-07-28,48.599998,50.119999,48.599998,49.98,38.913925,1840400
2005-07-29,50.110001000000004,50.41,49.360001000000004,49.389998999999996,38.454567,1272000
2005-08-01,50.34,50.34,49.41,49.950001,38.890583,1142400
2005-08-02,50.049999,51.049999,50.049999,51.009997999999996,39.715878000000004,1400900
2005-08-03,50.75,51.709998999999996,50.529999,51.509997999999996,40.105167,1347700
2005-08-04,51.200001,51.209998999999996,50.68,50.75,39.513435,1544200
2005-08-05,50.619999,50.950001,50.529999,50.68,39.458954,773100
2005-08-08,50.880001,51.049999,50.549999,50.75,39.513435,668900
2005-08-09,50.939999,51.259997999999996,50.740002000000004,51.189999,39.85601,1100400
2005-08-10,51.369999,51.740002000000004,50.439999,50.759997999999996,39.521225,1115000
2005-08-11,50.889998999999996,51.380001,50.709998999999996,51.380001,40.003956,806200
2005-08-12,51.080002,51.599998,51.049999,51.240002000000004,39.894943,914100
2005-08-15,51.110001000000004,51.509997999999996,50.959998999999996,51.330002,39.965031,793900
2005-08-16,51.099998,51.299999,50.470001,50.540001000000004,39.349949,1127100
2005-08-17,50.360001000000004,50.700001,49.970001,50.439999,39.272071999999994,767800
2005-08-18,50.169998,50.540001000000004,49.919998,50.470001,39.295448,777700
2005-08-19,50.799999,50.82,50.25,50.400002,39.240936,746400
2005-08-22,50.599998,51.240002000000004,50.16,50.369999,39.217587,935100
2005-08-23,49.0,49.75,48.200001,48.970001,38.127559999999995,3748800
2005-08-24,48.91,49.240002000000004,48.540001000000004,48.990002000000004,38.14312,1804000
2005-08-25,49.0,49.09,48.169998,48.75,37.956264000000004,1622000
2005-08-26,48.43,48.689999,47.91,48.419998,37.699329,1101900
2005-08-29,47.849998,48.790001000000004,47.650002,48.689999,37.909546,1045100
2005-08-30,48.369999,48.380001,47.400002,47.799999,37.216602,1411600
2005-08-31,47.75,48.299999,47.580002,48.299999,37.605892,1464100
2005-09-01,48.150002,48.41,47.900002,47.91,37.302261,1231400
2005-09-02,47.700001,48.02,47.200001,47.900002,37.435123,1026500
2005-09-06,48.099998,48.549999,48.029999,48.240002000000004,37.700835999999995,1004700
2005-09-07,48.049999,48.540001000000004,48.049999,48.360001000000004,37.794609,822200
2005-09-08,48.099998,48.439999,48.029999,48.130001,37.614857,867400
2005-09-09,48.5,48.98,48.099998,48.950001,38.255699,673000
2005-09-12,48.900002,49.369999,48.75,49.07,38.349486999999996,863200
2005-09-13,48.959998999999996,49.16,48.439999,48.450001,37.864944,1051100
2005-09-14,48.150002,48.549999,48.09,48.310001,37.755534999999995,752500
2005-09-15,48.400002,48.48,47.91,48.220001,37.685192,808500
2005-09-16,48.619999,48.950001,47.98,48.84,38.169743,1573200
2005-09-19,48.200001,48.439999,47.830002,48.259997999999996,37.716460999999995,1004400
2005-09-20,48.549999,49.0,47.700001,47.720001,37.294441,1171200
2005-09-21,47.450001,47.549999,46.25,46.34,36.215923,1881400
2005-09-22,46.150002,46.279999,45.32,46.0,35.950214,3676500
2005-09-23,46.040001000000004,47.369999,45.619999,46.919998,36.669212,1797800
2005-09-26,47.549999,47.84,47.009997999999996,47.150002,36.848969,1405500
2005-09-27,47.220001,47.540001000000004,47.169998,47.27,36.942749,1241300
2005-09-28,47.110001000000004,47.84,47.110001000000004,47.650002,37.239719,1454300
2005-09-29,47.68,48.23,47.18,47.84,37.388214000000005,2055400
2005-09-30,47.900002,48.299999,47.759997999999996,47.93,37.458542,1716800
2005-10-03,48.299999,48.450001,47.950001,48.060001,37.560158,1139700
2005-10-04,48.450001,49.380001,48.290001000000004,48.639998999999996,38.013439,1600000
2005-10-05,48.16,48.189999,47.040001000000004,47.299999,36.966202,2680900
2005-10-06,47.200001,47.310001,46.349998,46.549999,36.380051,2088500
2005-10-07,46.75,47.5,46.509997999999996,46.619999,36.434761,1190300
2005-10-10,46.57,46.939999,46.369999,46.639998999999996,36.450382,1207400
2005-10-11,46.549999,46.75,46.130001,46.400002,36.262821,1342100
2005-10-12,46.150002,46.73,46.119999,46.419998,36.278453999999996,1217900
2005-10-13,46.139998999999996,46.82,46.02,46.630001,36.44257,1080900
2005-10-14,46.200001,46.93,46.200001,46.529999,36.364418,1072900
2005-10-17,46.119999,47.099998,46.099998,47.0,36.731730999999996,1668900
2005-10-18,46.700001,46.830002,46.48,46.560001,36.387859000000006,1038100
2005-10-19,46.299999,46.700001,45.799999,46.689999,36.489456,1334000
2005-10-20,46.509997999999996,47.400002,46.290001000000004,46.380001,36.247192,1811400
2005-10-21,46.689999,47.32,46.419998,46.939999,36.684841,1161500
2005-10-24,47.209998999999996,47.799999,47.150002,47.599998,37.200638,836200
2005-10-25,47.799999,48.349998,47.02,47.84,37.388214000000005,1337300
2005-10-26,47.799999,49.349998,47.700001,48.580002,37.966541,1341700
2005-10-27,48.669998,48.939999,48.0,48.400002,37.825871,1291400
2005-10-28,49.0,49.43,48.619999,49.400002,38.607409999999994,1149000
2005-10-31,49.610001000000004,49.889998999999996,49.299999,49.41,38.615227000000004,1830000
2005-11-01,49.41,49.470001,48.849998,49.060001,38.341679,1452600
2005-11-02,49.110001000000004,49.630001,48.740002000000004,49.389998999999996,38.599579,1365500
2005-11-03,49.330002,49.48,47.959998999999996,48.130001,37.614857,2094300
2005-11-04,48.450001,48.630001,48.200001,48.540001000000004,37.93528,1655100
2005-11-07,48.580002,48.580002,47.919998,48.360001000000004,37.794609,928600
2005-11-08,48.240002000000004,48.43,48.040001000000004,48.27,37.724270000000004,867900
2005-11-09,48.450001,48.52,47.5,47.82,37.372585,1591100
2005-11-10,48.099998,49.5,47.970001,49.43,38.630848,1138300
2005-11-11,49.5,49.759997999999996,49.139998999999996,49.73,38.865311,762700
2005-11-14,49.849998,49.959998999999996,49.27,49.540001000000004,38.716808,816400
2005-11-15,49.860001000000004,49.990002000000004,49.529999,49.919998,39.013783000000004,866700
2005-11-16,50.0,50.259997999999996,49.709998999999996,50.200001,39.232620000000004,1509800
2005-11-17,50.25,50.900002,50.220001,50.900002,39.779682,1471600
2005-11-18,51.52,51.869999,51.209998999999996,51.59,40.318951,1648600
2005-11-21,51.0,51.799999,50.939999,51.639998999999996,40.358006,1332200
2005-11-22,51.639998999999996,52.02,51.529999,51.919998,40.576836,1187000
2005-11-23,51.849998,52.830002,51.849998,52.25,40.834742999999996,1300900
2005-11-25,51.439999,52.709998999999996,51.349998,52.630001,41.131725,395000
2005-11-28,52.5,52.849998,52.209998999999996,52.509997999999996,41.037945,1437000
2005-11-29,52.740002000000004,53.259997999999996,52.619999,52.790001000000004,41.256771,972600
2005-11-30,52.830002,53.18,51.91,52.0,40.639362,1326200
2005-12-01,52.459998999999996,53.459998999999996,52.290001000000004,53.240002000000004,41.608471,1361700
2005-12-02,52.959998999999996,53.169998,52.610001000000004,53.130001,41.522495,1201200
2005-12-05,52.700001,52.990002000000004,52.169998,52.900002,41.483284000000005,1605900
2005-12-06,53.23,53.84,53.150002,53.5,41.9538,1026100
2005-12-07,53.650002,53.700001,52.439999,52.450001,41.130402000000004,1521800
2005-12-08,52.75,53.389998999999996,52.52,52.779999,41.389175,785400
2005-12-09,52.939999,53.23,52.689999,52.970001,41.538174,751700
2005-12-12,53.02,53.389998999999996,52.869999,53.369999,41.851845000000004,523000
2005-12-13,53.279999,53.700001,53.080002,53.48,41.938107,744700
2005-12-14,53.560001,54.189999,53.52,53.830002,42.212578,937400
2005-12-15,53.790001000000004,53.849998,52.810001,53.040001000000004,41.593059999999994,1549600
2005-12-16,53.43,53.509997999999996,52.25,52.330002,41.036304,1337700
2005-12-19,52.130001,52.709998999999996,51.720001,51.740002000000004,40.573634999999996,985600
2005-12-20,51.709998999999996,52.610001000000004,51.709998999999996,52.27,40.989243,788400
2005-12-21,52.650002,53.580002,52.48,53.110001000000004,41.647960999999995,914300
2005-12-22,53.259997999999996,53.82,53.200001,53.75,42.149834000000006,796000
2005-12-23,53.75,54.259997999999996,53.75,54.080002,42.408607,813300
2005-12-27,54.02,54.310001,53.630001,53.68,42.094944,1145200
2005-12-28,54.07,54.189999,53.619999,53.82,42.20472,614200
2005-12-29,53.98,54.259997999999996,53.560001,53.57,42.008678,689200
2005-12-30,53.189999,53.290001000000004,52.919998,52.959998999999996,41.530331,667400
2006-01-03,53.099998,53.900002,52.470001,53.830002,42.212578,1327200
2006-01-04,53.450001,53.59,53.130001,53.400002,41.875384999999994,1047000
2006-01-05,53.400002,53.5,52.84,53.25,41.757744,1065800
2006-01-06,53.98,54.400002,53.700001,54.400002,42.659554,1339400
2006-01-09,54.540001000000004,54.540001000000004,53.259997999999996,53.400002,41.875384999999994,1253800
2006-01-10,52.900002,52.93,52.02,52.200001,40.934357,1901700
2006-01-11,51.950001,52.439999,51.599998,52.18,40.918671,1302800
2006-01-12,52.18,52.700001,51.919998,52.0,40.777538,1075500
2006-01-13,52.240002000000004,52.740002000000004,51.970001,52.0,40.777538,1044800
2006-01-17,51.700001,52.389998999999996,51.700001,52.330002,41.036304,1006200
2006-01-18,51.959998999999996,52.689999,51.959998999999996,52.5,41.169613,1131600
2006-01-19,52.0,54.139998999999996,52.0,53.799999,42.189037,1598900
2006-01-20,53.450001,53.5,52.049999,52.130001,40.879463,1589700
2006-01-23,52.200001,52.939999,51.950001,52.490002000000004,41.161770000000004,803000
2006-01-24,52.830002,53.599998,52.82,53.41,41.883221,1340600
2006-01-25,50.360001000000004,53.0,50.360001000000004,51.849998,40.659889,2194700
2006-01-26,52.599998,52.970001,52.369999,52.369999,41.067657000000004,1889200
2006-01-27,52.349998,52.75,51.860001000000004,52.439999,41.122562,2304000
2006-01-30,52.380001,52.82,52.049999,52.110001000000004,40.863785,1314400
2006-01-31,52.310001,53.029999,52.259997999999996,52.68,41.310759999999995,1336700
2006-02-01,52.349998,53.099998,52.23,52.869999,41.459765999999995,1799100
2006-02-02,52.509997999999996,52.68,51.16,51.790001000000004,40.612839,1566900
2006-02-03,51.299999,51.689999,50.950001,51.049999,40.032546999999994,1906400
2006-02-06,51.25,52.07,51.150002,51.939999,40.730453000000004,1839900
2006-02-07,52.25,52.619999,50.950001,50.970001,39.969807,1429100
2006-02-08,51.049999,51.400002,50.830002,50.950001,39.954128000000004,1530600
2006-02-09,51.07,52.060001,51.049999,51.130001,40.095295,1183500
2006-02-10,51.259997999999996,51.639998999999996,50.650002,51.509997999999996,40.393269000000004,1029900
2006-02-13,51.25,51.450001,50.849998,51.189999,40.14233,1133800
2006-02-14,51.400002,53.369999,51.330002,53.080002,41.624439,1760200
2006-02-15,52.849998,53.439999,52.529999,53.200001,41.718540000000004,1546400
2006-02-16,53.200001,53.48,52.759997999999996,53.48,41.938107,1255900
2006-02-17,53.48,54.200001,53.25,54.009997999999996,42.353729,1095400
2006-02-21,54.240002000000004,54.380001,53.52,53.630001,42.055744,1086700
2006-02-22,54.299999,54.990002000000004,54.02,54.700001,42.894816999999996,2171800
2006-02-23,54.380001,54.849998,53.959998999999996,54.75,42.934028999999995,1212100
2006-02-24,54.66,54.68,53.880001,54.16,42.471354999999996,1048900
2006-02-27,54.299999,55.939999,54.27,55.240002000000004,43.318267999999996,1679400
2006-02-28,54.900002,54.990002000000004,53.950001,53.98,42.330189000000004,1708800
2006-03-01,54.23,55.049999,54.119999,54.849998,43.012444,839800
2006-03-02,54.549999,54.889998999999996,54.240002000000004,54.700001,42.894816999999996,1034500
2006-03-03,54.240002000000004,55.48,54.189999,54.830002,43.194168,1004300
2006-03-06,54.93,55.0,53.720001,54.259997999999996,42.745132,947300
2006-03-07,54.41,54.919998,54.099998,54.439999,42.886928999999995,936600
2006-03-08,54.849998,55.099998,53.299999,53.950001,42.500935,1548300
2006-03-09,53.75,54.57,53.450001,53.450001,42.107025,819600
2006-03-10,54.25,55.310001,54.130001,55.060001,43.375362,1601100
2006-03-13,55.400002,55.650002,54.959998999999996,55.16,43.454132,1223900
2006-03-14,55.330002,56.439999,55.290001000000004,56.25,44.312828,1224000
2006-03-15,56.5,57.240002000000004,55.950001,56.110001000000004,44.202518,2093500
2006-03-16,56.5,56.950001,56.299999,56.639998999999996,44.620059999999995,917900
2006-03-17,56.919998,57.080002,56.419998,56.830002,44.769726,1334700
2006-03-20,56.650002,57.080002,56.150002,56.599998,44.588547,951100
2006-03-21,57.0,57.439999,56.150002,56.25,44.312828,1650400
2006-03-22,56.02,56.849998,55.900002,56.77,44.722466,752100
2006-03-23,56.5,56.5,55.860001000000004,56.18,44.257678999999996,1075900
2006-03-24,55.849998,55.950001,55.259997999999996,55.900002,44.037106,1634300
2006-03-27,55.799999,55.849998,54.950001,55.369999,43.619576,1346600
2006-03-28,55.5,55.639998999999996,54.91,55.099998,43.406878999999996,825300
2006-03-29,55.099998,56.0,54.970001,55.869999,44.013465999999994,1166900
2006-03-30,55.200001,55.639998999999996,54.799999,55.150002,43.446255,1460700
2006-03-31,54.959998999999996,55.48,54.830002,55.150002,43.446255,1159000
2006-04-03,55.549999,55.82,54.869999,54.98,43.312332,1092800
2006-04-04,55.200001,55.200001,54.599998,55.119999,43.422619,1366200
2006-04-05,55.0,55.93,54.720001,55.73,43.90316,1372200
2006-04-06,55.529999,55.709998999999996,55.009997999999996,55.599998,43.800762,863100
2006-04-07,55.700001,55.98,54.650002,55.0,43.328087,825100
2006-04-10,55.200001,55.209998999999996,54.27,54.75,43.131145000000004,674300
2006-04-11,55.0,55.099998,54.16,54.549999,42.973587,2152100
2006-04-12,54.349998,54.57,54.029999,54.189999,42.689983000000005,1269600
2006-04-13,53.939999,54.200001,53.740002000000004,54.09,42.611206,1437500
2006-04-17,53.5,53.860001000000004,53.259997999999996,53.759997999999996,42.351231,1136500
2006-04-18,53.900002,55.34,53.880001,55.27,43.540787,1143100
2006-04-19,54.849998,55.630001,54.849998,55.110001000000004,43.414753000000005,987000
2006-04-20,54.950001,55.869999,54.869999,55.290001000000004,43.556545,822100
2006-04-21,55.68,55.799999,55.130001,55.34,43.595951,638200
2006-04-24,55.259997999999996,55.259997999999996,54.630001,55.07,43.383228,649600
2006-04-25,55.07,55.18,54.150002,54.549999,42.973587,1112300
2006-04-26,55.299999,56.700001,54.919998,56.220001,44.289188,2253500
2006-04-27,55.52,56.880001,55.52,56.220001,44.289188,1498800
2006-04-28,56.299999,56.580002,55.77,56.130001,44.218292,1457200
2006-05-01,56.349998,56.349998,55.150002,55.360001000000004,43.611713,1617800
2006-05-02,55.689999,55.700001,55.299999,55.400002,43.643211,1229900
2006-05-03,55.450001,55.720001,55.150002,55.400002,43.643211,1681100
2006-05-04,55.299999,56.09,55.25,55.82,43.974068,924800
2006-05-05,56.240002000000004,56.810001,55.799999,56.68,44.651565999999995,944700
2006-05-08,56.349998,56.759997999999996,56.139998999999996,56.419998,44.446754,1187300
2006-05-09,56.549999,56.75,56.0,56.75,44.706711,836400
2006-05-10,56.200001,56.43,55.450001,56.0,44.115875,2399600
2006-05-11,56.650002,57.619999,56.18,57.099998,44.982440999999994,2751100
2006-05-12,56.650002,56.700001,55.259997999999996,55.57,43.77713,2407500
2006-05-15,55.57,56.380001,55.360001000000004,56.0,44.115875,1818900
2006-05-16,56.130001,56.32,55.009997999999996,55.240002000000004,43.517159,1434800
2006-05-17,55.0,55.060001,53.66,54.369999,42.831779,1703000
2006-05-18,54.5,54.98,53.900002,53.970001,42.51667,1143700
2006-05-19,54.119999,54.93,54.09,54.529999,42.957844,1595500
2006-05-22,54.099998,54.27,52.790001000000004,53.509997999999996,42.154284999999994,2057300
2006-05-23,53.98,54.720001,53.459998999999996,53.459998999999996,42.114895000000004,1289500
2006-05-24,53.049999,54.029999,52.740002000000004,53.290001000000004,41.980988,1819100
2006-05-25,53.5,53.799999,53.279999,53.599998,42.225193,1070600
2006-05-26,53.619999,53.939999,53.240002000000004,53.790001000000004,42.37487,1397200
2006-05-30,53.25,53.290001000000004,52.509997999999996,52.52,41.374390000000005,1211900
2006-05-31,52.650002,53.470001,52.560001,52.700001,41.51619,1418100
2006-06-01,52.779999,54.799999,52.630001,54.75,43.131145000000004,2129900
2006-06-02,55.900002,56.200001,55.009997999999996,55.349998,43.603828,2535300
2006-06-05,54.900002,55.34,53.959998999999996,54.02,42.749142,1575700
2006-06-06,54.349998,54.57,52.950001,53.689999,42.487999,2046100
2006-06-07,53.610001000000004,53.669998,52.84,53.150002,42.060673,2356400
2006-06-08,53.150002,53.220001,51.279999,52.880001,41.846996000000004,2090400
2006-06-09,52.73,53.259997999999996,52.09,52.700001,41.704567,2481500
2006-06-12,53.060001,53.139998999999996,51.759997999999996,51.759997999999996,40.960685999999995,1136700
2006-06-13,51.549999,51.810001,50.93,51.119999,40.454215999999995,1960300
2006-06-14,50.830002,51.720001,50.77,51.66,40.881541999999996,1815600
2006-06-15,51.830002,53.360001000000004,51.799999,53.220001,42.116066,2244000
2006-06-16,53.130001,53.25,52.450001,52.790001000000004,41.775795,2032400
2006-06-19,52.849998,52.869999,51.400002,51.700001,40.913189,1085000
2006-06-20,51.700001,51.700001,51.09,51.169998,40.493774,1667900
2006-06-21,50.919998,51.66,50.759997999999996,51.560001,40.802409999999995,3040400
2006-06-22,51.41,51.77,51.0,51.599998,40.834057,1303400
2006-06-23,51.599998,52.650002,51.299999,52.41,41.475066999999996,1494300
2006-06-26,52.27,52.639998999999996,52.0,52.43,41.490887,919600
2006-06-27,52.389998999999996,52.5,51.709998999999996,51.75,40.952763,1405100
2006-06-28,52.0,52.209998999999996,51.75,51.970001,41.126858,1297200
2006-06-29,52.599998,54.060001,52.299999,53.950001,42.69376,2230100
2006-06-30,54.02,54.27,53.900002,54.0,42.733318,1387400
2006-07-03,54.139998999999996,54.41,54.049999,54.32,42.986561,570000
2006-07-05,53.900002,54.869999,53.470001,54.639998999999996,43.239788,1696200
2006-07-06,54.650002,54.91,54.080002,54.73,43.311008,1146600
2006-07-07,54.700001,54.830002,53.77,54.130001,42.836208,836700
2006-07-10,54.240002000000004,54.84,54.02,54.470001,43.105255,773300
2006-07-11,54.27,54.799999,54.119999,54.68,43.271446000000005,803800
2006-07-12,54.720001,55.27,54.25,54.25,42.93116,1189000
2006-07-13,53.849998,53.91,52.740002000000004,52.830002,41.807426,1078400
2006-07-14,52.599998,52.939999,51.599998,52.18,41.293056,1064300
2006-07-17,52.07,52.540001000000004,51.939999,52.290001000000004,41.380103999999996,736000
2006-07-18,52.610001000000004,52.98,52.040001000000004,52.849998,41.823257,1150900
2006-07-19,52.939999,54.25,52.849998,54.110001000000004,42.820374,1272400
2006-07-20,54.099998,54.470001,52.700001,52.75,41.744125,1053400
2006-07-21,53.110001000000004,53.110001000000004,51.900002,51.959998999999996,41.118953999999995,1391200
2006-07-24,52.040001000000004,52.77,51.799999,52.459998999999996,41.514633,1693300
2006-07-25,52.259997999999996,53.669998,52.040001000000004,53.139998999999996,42.05275,1691600
2006-07-26,54.810001,56.48,54.610001000000004,55.549999,43.959919,2841900
2006-07-27,55.439999,55.689999,53.970001,54.369999,43.026119,2094100
2006-07-28,54.25,54.779999,53.599998,54.450001,43.089439,1797200
2006-07-31,53.900002,55.119999,53.759997999999996,54.84,43.398071,1346000
2006-08-01,54.549999,54.82,53.959998999999996,54.169998,42.867855,893800
2006-08-02,54.369999,55.75,54.25,55.040001000000004,43.556335,1102000
2006-08-03,54.349998,55.759997999999996,54.349998,55.68,44.062801,1179500
2006-08-04,55.73,56.330002,54.650002,55.18,43.66713,1262500
2006-08-07,55.18,55.25,54.110001000000004,54.689999,43.279365999999996,1196700
2006-08-08,55.080002,55.16,54.48,54.610001000000004,43.216049,1456800
2006-08-09,55.189999,55.240002000000004,54.099998,54.220001,42.907433000000005,787900
2006-08-10,53.869999,54.299999,53.110001000000004,53.490002000000004,42.329723,1473300
2006-08-11,53.27,54.25,53.200001,53.470001,42.3139,1353400
2006-08-14,52.669998,54.389998999999996,52.669998,53.880001,42.638363,1230500
2006-08-15,54.599998,54.900002,54.389998999999996,54.720001,43.303089,1159000
2006-08-16,54.990002000000004,55.619999,54.93,55.619999,44.015327,1306200
2006-08-17,55.650002,56.189999,55.549999,56.040001000000004,44.347698,1373800
2006-08-18,56.169998,56.419998,55.59,56.209998999999996,44.482227,1292600
2006-08-21,56.0,56.599998,55.98,56.41,44.640507,1101900
2006-08-22,56.439999,56.709998999999996,56.34,56.639998999999996,44.822506,1748800
2006-08-23,56.599998,57.700001,56.400002,57.43,45.447681,2383100
2006-08-24,57.400002,57.5,56.799999,57.25,45.305240999999995,1418700
2006-08-25,57.049999,57.369999,56.310001,56.459998999999996,44.680058,1035500
2006-08-28,56.450001,57.099998,56.330002,56.919998,45.044083,1087700
2006-08-29,56.950001,57.25,56.34,57.080002,45.170704,845400
2006-08-30,57.240002000000004,57.369999,56.619999,56.830002,44.97287,1110600
2006-08-31,56.880001,57.689999,56.689999,57.41,45.431858,984400
2006-09-01,57.400002,58.709998999999996,57.25,57.900002,45.819611,1071500
2006-09-05,57.619999,57.790001000000004,57.259997999999996,57.540001000000004,45.732193,713300
2006-09-06,57.290001000000004,57.709998999999996,57.139998999999996,57.369999,45.59708,934300
2006-09-07,57.150002,57.189999,56.470001,56.540001000000004,44.937393,702900
2006-09-08,57.419998,57.419998,56.330002,56.880001,45.207634000000006,835100
2006-09-11,57.700001,57.700001,55.450001,56.02,44.524101,1180600
2006-09-12,56.27,57.099998,56.080002,56.919998,45.239422,961600
2006-09-13,56.75,57.290001000000004,56.66,56.98,45.287106,837700
2006-09-14,56.619999,57.369999,56.619999,57.07,45.358643,669400
2006-09-15,57.400002,58.189999,57.360001000000004,57.98,46.081897999999995,2032500
2006-09-18,58.049999,58.049999,57.110001000000004,57.799999,45.938835,991000
2006-09-19,57.700001,57.889998999999996,57.540001000000004,57.689999,45.851409999999994,1394000
2006-09-20,57.939999,59.299999,57.810001,58.900002,46.813103000000005,1999900
2006-09-21,59.0,59.09,58.220001,58.549999,46.534939,2208700
2006-09-22,58.720001,59.43,58.299999,58.939999,46.844891,1495200
2006-09-25,58.299999,58.970001,57.82,58.650002,46.614395,2616700
2006-09-26,58.990002000000004,60.09,58.880001,59.939999,47.639694,1697100
2006-09-27,59.68,59.830002,59.23,59.73,47.472782,1226900
2006-09-28,59.740002000000004,59.950001,59.400002,59.619999,47.385349,1572900
2006-09-29,59.700001,59.75,59.080002,59.16,47.019753,707100
2006-10-02,59.040001000000004,59.34,58.669998,58.939999,46.844891,873400
2006-10-03,59.099998,59.59,58.48,59.400002,47.210506,1026500
2006-10-04,59.299999,59.669998,59.0,59.48,47.274086,977600
2006-10-05,59.310001,59.549999,58.869999,59.150002,47.011795,1927600
2006-10-06,58.759997999999996,58.959998999999996,57.139998999999996,58.049999,46.13752,3094900
2006-10-09,58.0,58.369999,57.650002,58.25,46.296478,1660700
2006-10-10,58.419998,58.509997999999996,57.779999,58.509997999999996,46.503124,1068000
2006-10-11,58.299999,58.48,57.860001000000004,58.290001000000004,46.328281,1157700
2006-10-12,58.599998,59.099998,58.52,59.060001,46.940277,795500
2006-10-13,58.91,59.299999,58.299999,58.599998,46.574669,924700
2006-10-16,58.799999,59.740002000000004,58.700001,59.580002,47.35355,694900
2006-10-17,58.700001,59.400002,58.650002,58.860001000000004,46.781319,875200
2006-10-18,59.34,59.740002000000004,59.080002,59.369999,47.186648999999996,1029700
2006-10-19,59.220001,59.849998,59.16,59.73,47.472782,828200
2006-10-20,59.889998999999996,59.889998999999996,58.82,59.369999,47.186648999999996,863000
2006-10-23,58.950001,59.73,58.950001,59.650002,47.409195000000004,692300
2006-10-24,59.349998,59.73,58.900002,59.5,47.289974,1233500
2006-10-25,58.5,60.369999,58.310001,59.509997999999996,47.297928000000006,1168900
2006-10-26,59.599998,60.139998999999996,58.93,60.029999,47.711205,1195500
2006-10-27,59.5,59.93,58.700001,59.150002,47.011795,1277500
2006-10-30,59.32,60.68,59.119999,60.610001000000004,48.172184,1205400
2006-10-31,60.52,60.560001,60.0,60.25,47.886066,1275200
2006-11-01,60.5,61.549999,60.169998,61.060001,48.529858000000004,1490400
2006-11-02,60.75,61.830002,60.73,61.700001,49.038513,2225500
2006-11-03,61.849998,62.27,60.889998999999996,61.029999,48.506004,1386200
2006-11-06,61.169998,61.360001000000004,60.700001,60.880001,48.386790999999995,1348900
2006-11-07,61.0,61.41,60.709998999999996,61.349998,48.760338,1874900
2006-11-08,61.25,61.84,61.169998,61.549999,48.919281,2038200
2006-11-09,61.509997999999996,61.610001000000004,61.060001,61.299999,48.720603999999994,2483500
2006-11-10,61.529999,61.759997999999996,61.18,61.759997999999996,49.086208,1698400
2006-11-13,61.759997999999996,62.619999,61.669998,62.549999,49.714085,1589900
2006-11-14,62.400002,62.75,61.709998999999996,62.700001,49.833304999999996,1768300
2006-11-15,62.549999,63.189999,62.450001,62.939999,50.02404,1700400
2006-11-16,63.189999,63.400002,62.98,63.200001,50.230705,1874500
2006-11-17,62.84,63.700001,62.790001000000004,63.240002000000004,50.262493,1602300
2006-11-20,63.040001000000004,63.32,62.700001,62.849998,49.952521999999995,981900
2006-11-21,62.799999,63.07,62.68,62.77,49.888931,1036900
2006-11-22,62.919998,63.689999,62.869999,63.389998999999996,50.381699,634100
2006-11-24,62.779999,63.66,62.779999,63.540001000000004,50.500938,631100
2006-11-27,63.290001000000004,63.299999,62.009997999999996,62.07,49.332584000000004,1119400
2006-11-28,62.029999,62.799999,61.82,62.200001,49.435905,1060000
2006-11-29,62.299999,62.709998999999996,62.060001,62.639998999999996,49.785599,534300
2006-11-30,62.330002,62.900002,62.330002,62.400002,49.594864,1550400
2006-12-01,62.450001,62.57,61.869999,62.400002,49.594864,1159300
2006-12-04,62.290001000000004,63.27,62.290001000000004,62.900002,49.992259999999995,1504200
2006-12-05,62.700001,62.869999,62.310001,62.419998,49.808723,1020400
2006-12-06,62.220001,62.360001000000004,61.630001,61.880001,49.377827,1232200
2006-12-07,62.200001,62.419998,61.919998,62.130001,49.577328,705600
2006-12-08,61.98,62.439999,61.849998,62.200001,49.633175,1056400
2006-12-11,62.419998,62.439999,61.779999,61.93,49.417716999999996,1001700
2006-12-12,61.650002,61.779999,61.16,61.630001,49.178349,1049800
2006-12-13,62.240002000000004,62.240002000000004,61.59,61.799999,49.313999,760900
2006-12-14,61.900002,62.330002,61.700001,62.25,49.673065,926600
2006-12-15,62.259997999999996,62.470001,61.889998999999996,62.220001,49.649136,1595500
2006-12-18,62.400002,62.400002,61.889998999999996,61.950001,49.433689,683000
2006-12-19,61.830002,62.470001,61.419998,61.900002,49.39378,1050800
2006-12-20,61.849998,62.599998,61.779999,62.040001000000004,49.505497,1134200
2006-12-21,61.66,61.75,58.509997999999996,59.709998999999996,47.646267,4801800
2006-12-22,59.400002,59.709998999999996,58.740002000000004,58.869999,46.975967,2272900
2006-12-26,59.049999,60.0,58.75,59.830002,47.742012,1084300
2006-12-27,60.040001000000004,60.290001000000004,59.779999,60.02,47.893639,969400
2006-12-28,59.700001,60.02,59.439999,59.740002000000004,47.670208,986900
2006-12-29,59.700001,59.700001,59.09,59.330002,47.343033,781100
2007-01-03,59.459998999999996,60.349998,59.189999,59.779999,47.702114,1990900
2007-01-04,59.779999,59.860001000000004,58.68,58.849998,46.960003,2381800
2007-01-05,58.549999,59.299999,58.32,58.990002000000004,47.071723999999996,3122200
2007-01-08,58.990002000000004,59.349998,57.970001,59.27,47.295147,1717900
2007-01-09,59.599998,60.150002,59.18,59.900002,47.797859,2452200
2007-01-10,59.52,60.360001000000004,59.150002,60.220001,48.053211,1320400
2007-01-11,60.380001,61.169998,60.189999,61.060001,48.723511,1491700
2007-01-12,60.740002000000004,61.68,60.200001,61.57,49.130463,1641900
2007-01-16,61.900002,61.950001,61.41,61.490002000000004,49.066631,966700
2007-01-17,61.490002000000004,61.889998999999996,61.07,61.650002,49.194305,1126700
2007-01-18,61.970001,62.099998,61.490002000000004,61.959998999999996,49.441654,1330700
2007-01-19,62.099998,62.169998,61.43,61.700001,49.234196000000004,1500800
2007-01-22,61.450001,61.689999,61.23,61.43,49.018757,1475000
2007-01-23,61.25,62.169998,61.25,61.91,49.401768,1881600
2007-01-24,61.369999,63.18,61.290001000000004,63.18,50.415184,2132900
2007-01-25,62.950001,63.119999,61.849998,62.290001000000004,49.704987,1858500
2007-01-26,62.380001,62.650002,61.799999,62.349998,49.752871999999996,1344300
2007-01-29,62.220001,63.0,61.57,62.25,49.673065,1661000
2007-01-30,62.349998,62.470001,62.060001,62.380001,49.776814,1029200
2007-01-31,62.32,63.349998,62.119999,63.060001,50.319431,1625100
2007-02-01,63.040001000000004,64.199997,62.77,63.5,50.670525,1438200
2007-02-02,63.669998,63.759997999999996,62.82,63.23,50.455078,1067700
2007-02-05,63.139998999999996,63.389998999999996,62.91,63.099998,50.351345,985900
2007-02-06,63.200001,63.41,62.900002,63.130001,50.375285999999996,1426100
2007-02-07,63.290001000000004,63.650002,63.200001,63.400002,50.590733,941500
2007-02-08,63.369999,63.459998999999996,62.650002,62.77,50.08802,1409500
2007-02-09,63.0,64.0,62.869999,63.630001,50.774265,2181500
2007-02-12,63.630001,64.089996,63.490002000000004,63.669998,50.806179,1023800
2007-02-13,63.490002000000004,64.290001,63.41,64.059998,51.117397,1239700
2007-02-14,64.160004,64.489998,63.860001000000004,64.029999,51.093445,1401800
2007-02-15,63.790001000000004,64.08000200000001,63.599998,63.900002,50.989708,1236800
2007-02-16,63.709998999999996,64.489998,63.580002,64.269997,51.284954,1056300
2007-02-20,64.099998,64.889999,63.639998999999996,64.83000200000001,51.731819,1123500
2007-02-21,64.599998,64.82,64.300003,64.730003,51.652027000000004,897600
2007-02-22,64.349998,64.690002,63.939999,64.43,51.412632,1181700
2007-02-23,64.480003,64.93,64.139999,64.730003,51.652027000000004,1221200
2007-02-26,64.980003,65.0,64.110001,64.239998,51.261013,1320800
2007-02-27,63.73,63.900002,60.23,61.470001,49.050663,2922400
2007-02-28,61.25,63.299999,60.860001000000004,61.689999,49.226212,2965300
2007-03-01,60.470001,62.029999,60.18,61.32,48.930973,3199400
2007-03-02,60.98,61.360001000000004,60.400002,60.560001,48.32452,1757700
2007-03-05,60.02,61.0,59.799999,60.0,48.116013,1694700
2007-03-06,60.200001,61.220001,60.07,60.93,48.861813,1995400
2007-03-07,60.470001,60.880001,59.650002,59.68,47.859406,1978100
2007-03-08,60.25,61.330002,60.029999,60.970001,48.89389,2290300
2007-03-09,61.41,61.700001,60.860001000000004,61.389998999999996,49.230701,1142400
2007-03-12,61.310001,61.830002,61.25,61.5,49.318923999999996,884100
2007-03-13,61.049999,61.450001,60.02,60.060001,48.164127,1433000
2007-03-14,60.279999,60.830002,59.41,60.77,48.733505,2154000
2007-03-15,60.779999,61.84,60.77,61.209998999999996,49.086349,947700
2007-03-16,61.23,61.349998,60.169998,60.580002,48.581142,1557900
2007-03-19,61.040001000000004,61.630001,60.919998,61.580002,49.383072,856500
2007-03-20,62.799999,63.009997999999996,62.360001000000004,63.009997999999996,50.529839,1596600
2007-03-21,63.029999,63.900002,62.490002000000004,63.799999,51.163368,1116300
2007-03-22,63.950001,63.98,63.150002,63.689999,51.07515,787600
2007-03-23,63.75,64.18,63.549999,64.07,51.379898,845300
2007-03-26,64.07,64.480003,63.099998,64.449997,51.68462,1149100
2007-03-27,64.0,64.220001,63.369999,63.77,51.139313,1060500
2007-03-28,63.349998,63.560001,62.560001,62.84,50.393505,1289500
2007-03-29,63.290001000000004,63.540001000000004,62.200001,62.919998,50.457653,1226000
2007-03-30,63.049999,63.630001,62.25,62.959998999999996,50.489746000000004,993700
2007-04-02,62.970001,63.150002,62.34,62.959998999999996,50.489746000000004,1281500
2007-04-03,63.349998,63.75,62.950001,63.32,50.778439,794100
2007-04-04,63.490002000000004,63.669998,63.259997999999996,63.389998999999996,50.834576,649700
2007-04-05,63.439999,63.610001000000004,63.25,63.48,50.906760999999996,823000
2007-04-09,63.75,63.849998,63.259997999999996,63.720001,51.09922,659400
2007-04-10,63.849998,63.919998,63.119999,63.23,50.706264000000004,1089500
2007-04-11,63.16,63.349998,62.540001000000004,62.689999,50.273209,1158800
2007-04-12,63.52,63.52,62.549999,63.330002,50.786460999999996,929400
2007-04-13,63.209998999999996,63.59,62.82,63.139998999999996,50.634087,1013100
2007-04-16,63.330002,64.160004,63.330002,63.970001,51.299694,891600
2007-04-17,63.759997999999996,64.33000200000001,63.349998,63.869999,51.219498,1389700
2007-04-18,64.739998,64.739998,63.450001,63.830002,51.187428000000004,730200
2007-04-19,63.099998,63.900002,63.099998,63.619999,51.019020000000005,1195600
2007-04-20,64.290001,64.389999,63.790001000000004,63.959998999999996,51.291668,1936800
2007-04-23,64.16999799999999,64.5,63.950001,64.309998,51.572334000000005,1250800
2007-04-24,64.510002,64.739998,64.050003,64.599998,51.804924,1590600
2007-04-25,65.0,65.980003,64.980003,65.940002,52.879513,1518500
2007-04-26,66.699997,66.75,65.25,66.199997,53.088017,1618600
2007-04-27,65.66999799999999,65.849998,65.029999,65.639999,52.638912,1113900
2007-04-30,65.730003,65.730003,64.440002,64.550003,51.764824,1154700
2007-05-01,65.43,65.43,63.970001,65.220001,52.302116,1847600
2007-05-02,64.400002,66.550003,64.400002,66.25,53.128101,2050400
2007-05-03,66.25,66.730003,65.769997,66.050003,52.96771999999999,1599400
2007-05-04,66.400002,66.449997,65.860001,66.279999,53.152156999999995,1266800
2007-05-07,66.769997,67.0,66.220001,66.410004,53.256428,814600
2007-05-08,66.190002,66.400002,65.839996,66.199997,53.088017,1153900
2007-05-09,66.480003,67.150002,66.199997,67.150002,53.849842,1507100
2007-05-10,66.699997,66.889999,66.139999,66.139999,53.039882999999996,1952400
2007-05-11,66.339996,66.870003,65.949997,66.209999,53.096024,1156800
2007-05-14,66.139999,66.650002,65.290001,65.849998,52.807327,1626200
2007-05-15,66.099998,66.940002,65.91999799999999,66.75,53.529076,1558900
2007-05-16,66.900002,67.779999,66.620003,67.699997,54.290901,2088700
2007-05-17,67.510002,68.620003,67.25,68.33000200000001,54.796119999999995,2287900
2007-05-18,68.739998,69.5,68.650002,69.209999,55.501831,2427600
2007-05-21,68.910004,69.190002,68.599998,68.91999799999999,55.269268000000004,1801600
2007-05-22,69.040001,69.660004,68.739998,69.370003,55.630142000000006,1303500
2007-05-23,69.370003,69.900002,69.029999,69.199997,55.493805,1324500
2007-05-24,69.5,69.690002,68.019997,68.230003,54.715934999999995,2347000
2007-05-25,68.220001,68.949997,67.769997,68.839996,55.205112,1040800
2007-05-29,68.459999,68.66999799999999,67.629997,67.790001,54.363075,1696400
2007-05-30,67.209999,68.279999,66.870003,68.190002,54.683861,1608800
2007-05-31,68.449997,68.91999799999999,67.989998,68.089996,54.603664,1615300
2007-06-01,68.199997,69.0,68.16999799999999,68.959999,55.30135,1465600
2007-06-04,68.699997,69.410004,68.650002,69.349998,55.614101,1191400
2007-06-05,69.050003,69.849998,68.449997,69.68,56.12151,2282500
2007-06-06,69.400002,69.629997,69.099998,69.25,55.77516899999999,2358500
2007-06-07,69.190002,69.68,68.480003,68.480003,55.15499499999999,2362000
2007-06-08,68.110001,69.5,68.07,69.449997,55.936271999999995,2312800
2007-06-11,68.879997,69.68,68.839996,69.379997,55.879864000000005,1231900
2007-06-12,68.839996,69.650002,68.699997,68.760002,55.38052,1595400
2007-06-13,69.010002,70.959999,68.860001,70.959999,57.152446999999995,2259100
2007-06-14,70.949997,71.639999,70.779999,70.949997,57.144386,1549100
2007-06-15,71.349998,72.339996,71.279999,71.959999,57.957874,2099900
2007-06-18,72.010002,72.629997,71.959999,72.25,58.19142900000001,1685600
2007-06-19,72.25,72.989998,72.029999,72.800003,58.634411,1424700
2007-06-20,72.980003,73.82,72.839996,72.940002,58.747184999999995,2112700
2007-06-21,72.639999,74.18,72.379997,73.800003,59.439823,1944400
2007-06-22,73.57,74.269997,73.290001,73.400002,59.117664000000005,1779800
2007-06-25,73.349998,73.75,72.470001,72.66999799999999,58.529716,1768900
2007-06-26,73.129997,73.790001,72.160004,72.160004,58.118938,2623700
2007-06-27,71.699997,72.349998,71.029999,72.199997,58.15114200000001,2192800
2007-06-28,73.769997,73.769997,72.019997,72.150002,58.110905,1673900
2007-06-29,72.459999,73.07,71.650002,71.989998,57.982020999999996,2295300
2007-07-02,72.220001,73.599998,72.199997,72.910004,58.723034,1530900
2007-07-03,73.400002,73.510002,72.940002,73.129997,58.9002,739300
2007-07-05,72.82,73.5,72.82,73.150002,58.916320999999996,1215700
2007-07-06,73.260002,73.489998,72.800003,73.370003,59.093520999999996,1013200
2007-07-09,73.610001,73.940002,73.150002,73.589996,59.270683,959500
2007-07-10,73.199997,73.32,72.529999,72.610001,58.481377,1471700
2007-07-11,72.790001,74.099998,72.790001,74.0,59.60091800000001,1723300
2007-07-12,74.82,75.769997,74.0,75.769997,61.026501,1651300
2007-07-13,75.900002,76.41999799999999,75.230003,76.16999799999999,61.348675,1069900
2007-07-16,75.900002,76.870003,75.58000200000001,75.769997,61.026501,1433100
2007-07-17,76.199997,76.959999,75.739998,75.849998,61.090945999999995,1736900
2007-07-18,75.379997,77.410004,75.379997,76.760002,61.823868000000004,2304300
2007-07-19,76.849998,78.449997,76.809998,78.269997,63.040039,1926700
2007-07-20,78.18,78.370003,76.239998,77.75,62.621227000000005,3556000
2007-07-23,77.879997,78.5,77.75,77.900002,62.742068999999994,2368900
2007-07-24,77.110001,78.760002,76.91999799999999,77.190002,62.17018100000001,3386200
2007-07-25,77.860001,78.269997,74.610001,76.410004,61.541973,3733500
2007-07-26,75.900002,78.150002,75.040001,76.610001,61.703033,4551300
2007-07-27,76.779999,77.57,74.959999,74.959999,60.374111,4090900
2007-07-30,75.589996,77.410004,74.589996,77.239998,62.210471999999996,2550900
2007-07-31,78.199997,78.199997,76.470001,76.620003,61.711128,2187000
2007-08-01,76.83000200000001,77.730003,75.690002,77.540001,62.452103,3013300
2007-08-02,76.769997,77.529999,75.120003,76.190002,61.364796,3411500
2007-08-03,76.43,76.779999,75.0,75.260002,60.615753000000005,3293200
2007-08-06,76.010002,77.709999,74.660004,77.709999,62.58900799999999,2482700
2007-08-07,77.349998,79.470001,76.93,78.83000200000001,63.491089,2708000
2007-08-08,79.400002,81.209999,78.760002,80.440002,64.787796,2587300
2007-08-09,78.900002,81.099998,78.559998,79.980003,64.417305,3382600
2007-08-10,79.5,81.5,78.0,80.269997,64.650871,3259800
2007-08-13,80.269997,80.559998,77.120003,77.66999799999999,62.556778,2960400
2007-08-14,77.349998,78.019997,75.099998,75.099998,60.486862,2373200
2007-08-15,75.110001,75.459999,71.16999799999999,71.5,57.587376,4494200
2007-08-16,71.139999,71.139999,68.099998,69.599998,56.057083,5146500
2007-08-17,72.400002,74.120003,69.160004,72.699997,58.553867000000004,3497900
2007-08-20,73.529999,74.239998,71.82,73.849998,59.480106000000006,1634400
2007-08-21,73.769997,75.099998,73.309998,74.75,60.204975,1773500
2007-08-22,75.589996,77.220001,75.089996,76.43,61.558079000000006,1875000
2007-08-23,76.599998,77.089996,74.470001,75.190002,60.559353,1760900
2007-08-24,75.190002,76.129997,74.769997,76.010002,61.219809999999995,1040200
2007-08-27,75.940002,76.660004,75.559998,75.739998,61.002323,1153400
2007-08-28,75.139999,75.639999,73.949997,74.040001,59.633137,1266600
2007-08-29,74.279999,75.18,73.68,75.08000200000001,60.470779,1222100
2007-08-30,74.290001,75.150002,74.07,74.779999,60.229122,1352900
2007-08-31,75.230003,76.5,75.010002,75.660004,60.937934999999996,1135100
2007-09-04,75.730003,76.389999,75.120003,75.610001,60.897633,1608800
2007-09-05,74.730003,75.230003,74.08000200000001,74.650002,60.363944999999994,1595100
2007-09-06,74.33000200000001,75.849998,74.33000200000001,75.360001,60.93808000000001,1196900
2007-09-07,74.120003,74.339996,72.760002,72.980003,59.013538,2042900
2007-09-10,73.540001,73.839996,72.25,73.25,59.231873,1184900
2007-09-11,73.639999,74.199997,73.129997,74.089996,59.911120999999994,1079400
2007-09-12,73.769997,74.370003,73.099998,73.57,59.490639,1385400
2007-09-13,73.91999799999999,74.690002,73.809998,74.220001,60.016243,955600
2007-09-14,73.989998,75.110001,73.83000200000001,74.809998,60.493317000000005,1220000
2007-09-17,74.809998,75.959999,74.5,75.199997,60.808701,1310400
2007-09-18,75.75,79.66999799999999,75.099998,79.66999799999999,64.423248,2190400
2007-09-19,80.029999,82.0,79.839996,80.269997,64.90843199999999,2296400
2007-09-20,80.400002,80.400002,79.32,79.790001,64.520287,1279400
2007-09-21,80.800003,81.68,79.790001,80.709999,65.26422099999999,1890300
2007-09-24,80.709999,82.0,80.220001,80.68,65.239975,1297700
2007-09-25,80.040001,80.809998,79.739998,80.199997,64.851822,1643000
2007-09-26,80.639999,83.260002,80.540001,83.120003,67.212982,2262100
2007-09-27,83.019997,84.0,82.620003,83.32,67.37473299999999,1451400
2007-09-28,83.730003,84.129997,83.010002,83.760002,67.73054499999999,1614700
2007-10-01,83.660004,84.410004,83.32,84.08000200000001,67.989296,1208000
2007-10-02,83.959999,84.239998,81.190002,82.300003,66.549934,1847700
2007-10-03,81.849998,82.029999,80.139999,80.709999,65.26422099999999,1780600
2007-10-04,81.059998,81.699997,80.089996,81.559998,65.951538,1044100
2007-10-05,82.010002,83.410004,82.010002,83.110001,67.204933,1313300
2007-10-08,82.809998,83.33000200000001,82.620003,83.0,67.115967,553200
2007-10-09,83.389999,84.989998,83.25,84.989998,68.725128,1252800
2007-10-10,85.0,85.400002,83.120003,83.660004,67.649658,1122600
2007-10-11,84.599998,85.5,82.959999,83.279999,67.342384,1556100
2007-10-12,83.650002,84.129997,83.33000200000001,83.57,67.576881,1081800
2007-10-15,84.029999,84.58000200000001,81.82,82.25,66.509506,1545600
2007-10-16,82.120003,82.349998,80.339996,80.870003,65.39361600000001,1616600
2007-10-17,82.050003,82.550003,80.559998,81.290001,65.733215,1363000
2007-10-18,81.08000200000001,83.239998,81.08000200000001,83.040001,67.14829300000001,1151200
2007-10-19,82.75,83.190002,81.620003,81.91999799999999,66.242638,1966500
2007-10-22,80.629997,81.949997,80.41999799999999,81.690002,66.056671,1744600
2007-10-23,82.529999,83.050003,81.839996,83.019997,67.132172,1600900
2007-10-24,84.82,86.839996,82.599998,86.769997,70.16449,2740200
2007-10-25,85.0,85.690002,84.019997,85.029999,68.757469,2254300
2007-10-26,85.980003,88.019997,85.349998,86.459999,69.913826,1245000
2007-10-29,86.400002,87.459999,85.83000200000001,86.07,69.598457,1171800
2007-10-30,85.910004,86.07,83.660004,83.860001,67.811386,1340700
2007-10-31,84.5,85.660004,83.440002,85.480003,69.121361,2047300
2007-11-01,84.5,85.260002,83.230003,83.400002,67.439415,1391300
2007-11-02,84.050003,85.190002,82.300003,85.029999,68.757469,1605300
2007-11-05,84.800003,85.5,83.610001,84.910004,68.660454,1144200
2007-11-06,84.980003,87.41999799999999,84.910004,87.41999799999999,70.69009399999999,1146700
2007-11-07,86.33000200000001,86.68,84.010002,84.209999,68.094414,1981700
2007-11-08,84.620003,86.449997,82.870003,86.110001,69.630775,1987800
2007-11-09,84.769997,85.400002,83.0,83.0,67.115967,2157200
2007-11-12,82.400002,83.5,80.82,80.910004,65.425949,2088100
2007-11-13,81.43,82.199997,80.5,82.08000200000001,66.37204,2508900
2007-11-14,82.540001,83.989998,82.379997,82.730003,66.897636,1425900
2007-11-15,82.57,83.760002,81.099998,81.720001,66.08094,1550000
2007-11-16,82.440002,83.260002,81.07,82.410004,66.638908,1963600
2007-11-19,82.050003,82.400002,78.949997,79.230003,64.067444,2150800
2007-11-20,79.199997,81.389999,79.110001,80.660004,65.223816,1569000
2007-11-21,79.839996,80.779999,79.099998,79.290001,64.115959,1388000
2007-11-23,80.300003,80.900002,79.370003,80.66999799999999,65.231873,456900
2007-11-26,80.75,82.639999,78.889999,79.129997,63.986591000000004,1629700
2007-11-27,79.379997,80.610001,78.43,79.019997,63.897620999999994,2141500
2007-11-28,79.459999,83.83000200000001,79.459999,83.690002,67.67395,1928800
2007-11-29,83.58000200000001,85.459999,83.279999,84.760002,68.53915400000001,1698600
2007-11-30,85.599998,86.309998,84.220001,85.379997,69.04048900000001,2563700
2007-12-03,84.309998,85.769997,83.709999,84.25,68.126747,1626200
2007-12-04,84.050003,85.57,83.660004,85.120003,68.830246,1743700
2007-12-05,85.739998,86.480003,85.08000200000001,86.279999,70.01503000000001,1706400
2007-12-06,86.25,87.529999,85.099998,87.519997,71.021263,1661400
2007-12-07,87.510002,87.949997,86.949997,87.550003,71.045647,1053800
2007-12-10,87.970001,89.529999,87.32,89.400002,72.546883,1292900
2007-12-11,86.720001,88.25,85.760002,85.790001,69.617393,2617000
2007-12-12,87.839996,88.879997,86.599998,87.529999,71.02937299999999,2585400
2007-12-13,86.93,89.769997,86.480003,89.5,72.62801400000001,2258800
2007-12-14,88.83000200000001,88.940002,87.83000200000001,88.040001,71.44326,1905900
2007-12-17,87.83000200000001,88.269997,86.029999,86.160004,69.917671,1800500
2007-12-18,87.300003,88.650002,86.639999,88.33000200000001,71.678596,2302700
2007-12-19,88.629997,89.010002,87.529999,87.529999,71.02937299999999,1455600
2007-12-20,88.339996,88.650002,86.400002,88.589996,71.889572,1455100
2007-12-21,89.559998,91.58000200000001,89.260002,91.32,74.104919,2386900
2007-12-24,92.120003,92.120003,90.66999799999999,91.730003,74.43762199999999,433700
2007-12-26,91.730003,91.989998,90.57,91.75,74.453857,587600
2007-12-27,91.5,91.75,90.279999,90.529999,73.463844,976600
2007-12-28,91.269997,91.940002,90.529999,90.529999,73.463844,1588700
2007-12-31,90.410004,90.879997,88.519997,88.709999,71.986946,1115500
2008-01-02,88.480003,88.650002,87.0,87.730003,71.191689,2002200
2008-01-03,88.110001,89.190002,87.82,88.489998,71.80841099999999,1297400
2008-01-04,87.83000200000001,88.449997,86.110001,86.150002,69.909523,2301200
2008-01-07,86.839996,87.370003,84.199997,86.010002,69.795952,2282700
2008-01-08,86.269997,88.300003,85.58000200000001,85.800003,69.625519,2265200
2008-01-09,87.129997,88.400002,84.739998,87.410004,70.932014,3353800
2008-01-10,87.07,87.980003,86.269997,87.019997,70.615501,2465800
2008-01-11,86.389999,87.32,85.790001,86.300003,70.031273,1930800
2008-01-14,86.82,89.389999,86.660004,89.040001,72.254723,2019100
2008-01-15,87.75,88.970001,85.290001,85.75,69.584946,2396900
2008-01-16,85.099998,85.449997,81.059998,81.540001,66.16857900000001,4451400
2008-01-17,81.629997,82.940002,77.139999,77.379997,62.792805,4240800
2008-01-18,77.529999,79.529999,76.690002,79.010002,64.11551700000001,3695900
2008-01-22,74.510002,78.199997,73.32,77.209999,62.654823,4319200
2008-01-23,75.0,76.32,69.959999,74.959999,60.82900600000001,5791200
2008-01-24,75.019997,79.269997,74.800003,77.66999799999999,63.028141000000005,5201900
2008-01-25,79.139999,80.849998,78.389999,80.220001,65.09742,4120600
2008-01-28,79.58000200000001,81.610001,78.519997,81.349998,66.014442,3065700
2008-01-29,81.910004,82.440002,80.360001,80.779999,65.551834,2418200
2008-01-30,80.589996,83.510002,80.209999,80.769997,65.543724,2664900
2008-01-31,80.25,81.68,78.290001,80.699997,65.486938,3088500
2008-02-01,81.089996,84.040001,81.089996,83.57,67.81594100000001,2369300
2008-02-04,83.589996,83.910004,81.309998,81.730003,66.322777,2144100
2008-02-05,80.459999,81.160004,79.190002,79.300003,64.350853,2278900
2008-02-06,79.459999,80.620003,78.220001,78.410004,63.628624,2112500
2008-02-07,78.0,81.290001,78.0,80.440002,65.275963,2485700
2008-02-08,79.730003,80.529999,78.709999,79.510002,64.521271,2273600
2008-02-11,79.339996,81.339996,79.099998,81.059998,65.779083,1291700
2008-02-12,81.16999799999999,83.620003,81.150002,82.349998,66.825867,2368000
2008-02-13,82.980003,83.980003,81.760002,82.720001,67.126144,1685400
2008-02-14,82.910004,83.440002,81.510002,81.779999,66.36335799999999,1214900
2008-02-15,81.43,81.58000200000001,79.550003,81.339996,66.006287,1654000
2008-02-19,82.110001,83.480003,80.980003,81.440002,66.08744,1661200
2008-02-20,80.58000200000001,83.690002,80.349998,83.339996,67.629265,2634900
2008-02-21,83.470001,83.790001,81.209999,81.690002,66.29032099999999,2397400
2008-02-22,81.980003,82.540001,80.760002,82.459999,66.915161,1212100
2008-02-25,82.349998,84.0,81.629997,84.0,68.16484799999999,1962800
2008-02-26,83.290001,84.540001,82.309998,83.889999,68.075577,1827800
2008-02-27,83.550003,84.699997,83.010002,84.230003,68.351486,1472100
2008-02-28,83.559998,83.75,82.370003,82.739998,67.142365,1393000
2008-02-29,81.860001,82.760002,79.949997,80.279999,65.146118,1691200
2008-03-03,80.019997,80.970001,79.230003,80.949997,65.689796,2538300
2008-03-04,80.260002,80.839996,78.43,79.83000200000001,64.780937,2685300
2008-03-05,79.349998,82.75,79.349998,82.239998,67.05162,2620400
2008-03-06,82.0,83.139999,81.08000200000001,82.639999,67.37773100000001,2804700
2008-03-07,82.150002,82.269997,78.410004,79.099998,64.491524,3361900
2008-03-10,80.940002,80.940002,77.360001,77.739998,63.382664,2886300
2008-03-11,79.33000200000001,83.360001,79.230003,83.260002,67.883224,2603000
2008-03-12,83.279999,83.989998,82.160004,82.480003,67.247261,1642300
2008-03-13,81.510002,83.989998,80.809998,83.360001,67.96476700000001,2433800
2008-03-14,84.129997,84.150002,80.239998,82.720001,67.442963,2633100
2008-03-17,83.059998,83.739998,80.199997,82.730003,67.45108,2495300
2008-03-18,83.800003,86.620003,83.040001,86.370003,70.41885400000001,2493900
2008-03-19,87.379997,88.139999,82.68,82.68,67.410362,3088500
2008-03-20,82.269997,83.300003,80.639999,81.720001,66.62763199999999,3546700
2008-03-24,81.889999,86.599998,81.889999,84.889999,69.21217299999999,1764400
2008-03-25,85.089996,86.190002,84.370003,85.050003,69.342636,1646900
2008-03-26,84.199997,85.620003,84.0,84.489998,68.886055,1420900
2008-03-27,84.519997,85.839996,83.690002,84.43,68.837135,1599300
2008-03-28,83.550003,83.91999799999999,82.300003,82.730003,67.45108,1451600
2008-03-31,82.029999,84.699997,81.970001,84.230003,68.67408,2139000
2008-04-01,84.459999,87.0,84.010002,87.0,70.932487,1920200
2008-04-02,86.18,87.540001,84.910004,86.870003,70.826523,2118400
2008-04-03,87.25,89.25,86.720001,88.279999,71.976105,1559500
2008-04-04,88.589996,88.83000200000001,87.07,88.300003,71.992409,1690400
2008-04-07,89.0,90.349998,87.68,88.120003,71.84563399999999,1738100
2008-04-08,87.769997,88.389999,86.91999799999999,88.190002,71.90274000000001,1149300
2008-04-09,88.410004,88.879997,87.010002,87.779999,71.568466,926000
2008-04-10,87.970001,88.209999,86.209999,87.110001,71.022194,1361400
2008-04-11,86.300003,87.209999,85.589996,86.16999799999999,70.255783,1174300
2008-04-14,86.339996,88.239998,86.290001,87.209999,71.10374499999999,1007800
2008-04-15,87.599998,89.150002,86.099998,87.239998,71.128189,1499200
2008-04-16,87.269997,91.150002,87.269997,90.82,74.047028,2428500
2008-04-17,89.82,91.879997,89.480003,89.989998,73.370285,1931400
2008-04-18,91.199997,92.980003,90.82,92.769997,75.636871,2299200
2008-04-21,92.449997,94.480003,91.349998,93.730003,76.41959399999999,1787900
2008-04-22,93.089996,94.230003,91.75,93.099998,75.905899,2216500
2008-04-23,93.800003,94.989998,91.0,91.370003,74.49544499999999,2333100
2008-04-24,91.32,93.559998,89.839996,91.360001,74.487297,2165800
2008-04-25,90.400002,95.68,90.400002,95.459999,77.830093,2915200
2008-04-28,95.989998,95.989998,93.910004,94.08000200000001,76.704941,1902600
2008-04-29,93.769997,94.690002,90.25,90.529999,73.81059300000001,1998600
2008-04-30,90.529999,92.879997,90.5,91.309998,74.44651800000001,2409200
2008-05-01,91.58000200000001,91.58000200000001,88.83000200000001,90.68,73.932869,1588800
2008-05-02,91.379997,92.949997,91.16999799999999,92.529999,75.44120799999999,2180400
2008-05-05,92.440002,93.08000200000001,91.91999799999999,92.809998,75.669472,1320600
2008-05-06,92.760002,93.93,91.949997,93.709999,76.403267,1476200
2008-05-07,93.879997,93.879997,91.029999,91.339996,74.470963,2142900
2008-05-08,91.82,93.379997,91.82,93.370003,76.12606,1281200
2008-05-09,93.190002,94.75,91.599998,92.470001,75.39228100000001,1235100
2008-05-12,92.889999,94.120003,91.059998,94.089996,76.713066,1693000
2008-05-13,94.199997,95.449997,94.0,95.33000200000001,77.724129,2537200
2008-05-14,95.959999,97.089996,94.199997,95.970001,78.245888,2363300
2008-05-15,96.110001,96.110001,94.440002,95.279999,77.683319,1426800
2008-05-16,95.629997,95.629997,93.489998,95.040001,77.48764,1880000
2008-05-19,95.040001,95.68,93.949997,94.41999799999999,76.98214,1209700
2008-05-20,94.139999,95.83000200000001,93.809998,95.739998,78.05837199999999,1232800
2008-05-21,95.910004,95.910004,92.510002,92.910004,75.751007,2131600
2008-05-22,92.860001,94.33000200000001,92.5,93.18,75.97116899999999,1338300
2008-05-23,92.849998,92.970001,91.41999799999999,91.809998,74.854179,1131300
2008-05-27,91.879997,91.879997,90.5,91.510002,74.609573,1383100
2008-05-28,91.57,95.0,91.57,95.0,77.455063,1546200
2008-05-29,94.389999,95.349998,93.370003,94.870003,77.34904499999999,1734600
2008-05-30,95.029999,95.980003,94.300003,95.059998,77.503937,1333700
2008-06-02,92.620003,94.360001,92.620003,93.589996,76.305435,1602700
2008-06-03,93.269997,95.809998,93.269997,95.43,77.80561800000001,2016000
2008-06-04,95.050003,97.730003,94.41999799999999,96.239998,78.775581,2593700
2008-06-05,96.779999,99.190002,96.349998,99.190002,81.190262,2165400
2008-06-06,98.190002,98.769997,96.0,96.120003,78.677376,2062000
2008-06-09,96.910004,97.559998,95.730003,96.889999,79.307625,1166500
2008-06-10,96.010002,96.010002,94.059998,95.150002,77.883377,1284000
2008-06-11,94.519997,96.139999,94.370003,94.370003,77.244919,1666300
2008-06-12,95.260002,96.699997,94.18,96.07,78.636421,1826900
2008-06-13,96.629997,98.25,96.540001,97.589996,79.880608,1669000
2008-06-16,97.16999799999999,98.300003,96.610001,97.91999799999999,80.150734,1071000
2008-06-17,97.82,98.480003,97.480003,97.66999799999999,79.946075,1387900
2008-06-18,96.849998,98.5,96.83000200000001,97.440002,79.757828,1353400
2008-06-19,97.800003,98.660004,97.440002,97.910004,80.142555,970600
2008-06-20,97.040001,97.910004,96.18,97.230003,79.58593,1926400
2008-06-23,97.839996,99.739998,97.220001,99.5,81.444008,2367700
2008-06-24,99.33000200000001,99.540001,96.199997,96.720001,79.168488,2082400
2008-06-25,96.889999,98.959999,96.0,98.029999,80.240753,1772100
2008-06-26,96.010002,97.139999,93.379997,93.75,76.737434,3197600
2008-06-27,93.66999799999999,95.410004,93.349998,94.660004,77.482315,2457100
2008-06-30,94.900002,95.449997,94.07,94.239998,77.13849599999999,1783700
2008-07-01,93.07,94.559998,91.41999799999999,94.43,77.29405200000001,2885100
2008-07-02,94.589996,95.129997,90.970001,90.970001,74.461906,3370400
2008-07-03,91.550003,94.589996,89.160004,94.190002,77.097595,2238400
2008-07-07,94.400002,96.309998,92.709999,93.489998,76.524597,2260800
2008-07-08,91.690002,94.230003,90.980003,92.620003,75.812492,3105100
2008-07-09,92.720001,94.089996,91.190002,91.199997,74.650177,1911900
2008-07-10,92.75,93.410004,90.949997,92.349998,75.591484,2401000
2008-07-11,91.760002,92.41999799999999,90.239998,91.459999,74.862984,2453000
2008-07-14,92.730003,92.730003,91.050003,91.510002,74.90392299999999,1255800
2008-07-15,91.010002,92.57,89.739998,91.25,74.691109,1777600
2008-07-16,91.08000200000001,91.33000200000001,89.860001,91.33000200000001,74.75657700000001,2240400
2008-07-17,91.010002,94.029999,90.58000200000001,92.309998,75.558769,2948200
2008-07-18,92.57,93.41999799999999,90.099998,91.040001,74.519226,2635100
2008-07-21,91.230003,92.230003,90.730003,92.150002,75.42778,1140700
2008-07-22,91.650002,92.730003,90.019997,91.949997,75.264053,2306500
2008-07-23,93.309998,96.050003,91.93,95.660004,78.300812,3650600
2008-07-24,95.889999,96.709999,92.529999,92.68,75.861603,2726100
2008-07-25,92.959999,94.809998,92.510002,94.260002,77.154892,1703500
2008-07-28,94.139999,94.559998,92.760002,92.760002,75.927094,1721400
2008-07-29,92.480003,94.5,92.480003,94.239998,77.13849599999999,1756600
2008-07-30,93.559998,94.870003,92.860001,94.620003,77.449577,2009500
2008-07-31,93.980003,95.339996,93.489998,93.730003,76.72105400000001,1576900
2008-08-01,93.25,93.769997,91.160004,91.489998,74.887535,1516900
2008-08-04,91.199997,91.82,88.300003,88.68,72.58749399999999,2570900
2008-08-05,89.279999,90.68,88.639999,90.029999,73.692497,2551400
2008-08-06,89.620003,92.150002,89.059998,91.550003,74.936653,2421100
2008-08-07,90.879997,91.160004,89.08000200000001,89.190002,73.004906,1686100
2008-08-08,88.879997,91.199997,88.25,90.300003,73.913498,1856400
2008-08-11,90.300003,90.32,86.68,88.199997,72.194572,2032500
2008-08-12,87.970001,88.75,87.5,87.959999,71.998131,1975300
2008-08-13,87.83000200000001,90.709999,87.309998,90.029999,73.692497,2312300
2008-08-14,89.25,90.029999,88.309998,89.440002,73.209572,1905000
2008-08-15,89.470001,90.010002,88.449997,89.269997,73.070419,1546100
2008-08-18,89.75,90.260002,88.43,88.599998,72.52198800000001,1584700
2008-08-19,87.980003,89.58000200000001,87.879997,88.360001,72.325539,2402900
2008-08-20,88.010002,89.989998,88.0,89.660004,73.389641,1704600
2008-08-21,89.150002,90.970001,88.970001,90.83000200000001,74.347321,1559900
2008-08-22,91.16999799999999,92.370003,90.440002,90.769997,74.298203,1390900
2008-08-25,90.08000200000001,90.459999,88.489998,89.019997,72.865776,961500
2008-08-26,88.800003,89.940002,88.550003,89.800003,73.504227,1140100
2008-08-27,89.220001,90.660004,89.220001,90.33000200000001,73.938057,780000
2008-08-28,90.889999,91.66999799999999,90.339996,91.0,74.48645,855100
2008-08-29,91.010002,91.360001,89.75,89.839996,73.536957,1113400
2008-09-02,91.269997,91.269997,88.889999,88.889999,72.759338,1625200
2008-09-03,88.800003,90.519997,86.41999799999999,87.709999,72.097649,2142400
2008-09-04,87.220001,87.5,84.019997,85.160004,70.001549,2116800
2008-09-05,84.779999,86.559998,82.550003,86.129997,70.79888199999999,3097600
2008-09-08,87.760002,88.0,83.459999,84.400002,69.376816,3479800
2008-09-09,84.209999,84.940002,81.82,81.910004,67.330063,3097600
2008-09-10,82.709999,84.019997,81.519997,82.980003,68.209564,2485600
2008-09-11,81.57,85.199997,81.480003,85.089996,69.944008,2694200
2008-09-12,84.599998,86.959999,84.33000200000001,86.800003,71.349648,1702600
2008-09-15,84.639999,87.639999,83.58000200000001,84.059998,69.09734300000001,2346200
2008-09-16,83.489998,86.029999,82.0,85.599998,70.363235,2665400
2008-09-17,84.029999,85.220001,81.68,82.629997,67.921913,3294700
2008-09-18,83.760002,83.760002,79.66999799999999,82.160004,67.53555300000001,4793900
2008-09-19,85.690002,87.949997,79.959999,87.650002,72.048325,3925000
2008-09-22,87.33000200000001,87.440002,83.050003,83.349998,68.513725,2979000
2008-09-23,83.0,83.0,79.809998,80.010002,65.768242,4152300
2008-09-24,77.599998,79.099998,77.260002,78.599998,64.60925300000001,5104400
2008-09-25,78.940002,78.970001,77.220001,77.910004,64.042061,3896400
2008-09-26,76.33000200000001,77.349998,73.730003,74.150002,60.95132099999999,5819400
2008-09-29,72.559998,73.400002,67.779999,70.339996,57.819508,5985900
2008-09-30,71.940002,73.150002,70.940002,71.739998,58.97031,3655700
2008-10-01,71.16999799999999,71.5,69.809998,70.300003,57.786643999999995,2523200
2008-10-02,70.0,70.949997,69.0,69.75,57.334526000000004,4626500
2008-10-03,71.120003,74.400002,70.879997,72.75,59.800529000000004,6043900
2008-10-06,71.33000200000001,71.33000200000001,66.410004,69.18,56.865978000000005,5183600
2008-10-07,69.699997,70.699997,65.540001,65.660004,53.972545999999994,5018700
2008-10-08,64.889999,68.260002,63.599998,64.529999,53.043693999999995,5885700
2008-10-09,64.610001,66.620003,61.259997999999996,61.259997999999996,50.355736,4480400
2008-10-10,58.860001000000004,65.559998,55.970001,61.200001,50.306419,6363400
2008-10-13,63.369999,69.470001,62.009997999999996,68.970001,56.693358999999994,3388800
2008-10-14,71.190002,74.480003,66.07,67.68,55.632988,3396300
2008-10-15,66.5,68.16999799999999,61.959998999999996,61.990002000000004,50.955814000000004,3383000
2008-10-16,61.549999,63.939999,58.889998999999996,63.869999,52.501167,5600700
2008-10-17,62.619999,67.120003,61.529999,64.199997,52.772422999999996,3511400
2008-10-20,65.040001,71.120003,63.82,71.019997,58.378471,3733800
2008-10-21,70.620003,70.620003,64.870003,65.309998,53.684844999999996,3536100
2008-10-22,61.029999,63.490002000000004,57.5,59.240002000000004,48.695305,5603900
2008-10-23,59.450001,60.619999,54.560001,56.830002,46.714287,4503700
2008-10-24,53.23,56.41,51.029999,53.779999,44.207172,4364500
2008-10-27,53.0,54.240002000000004,50.049999,50.060001,41.149353000000005,3252800
2008-10-28,52.349998,57.990002000000004,50.0,57.5,47.265018,4481600
2008-10-29,57.5,65.199997,54.610001000000004,61.709998999999996,50.725643,5321400
2008-10-30,65.489998,69.279999,60.330002,63.91,52.53405,4538200
2008-10-31,63.389998999999996,66.610001,62.669998,65.150002,53.553332999999995,3072400
2008-11-03,64.940002,66.41999799999999,62.549999,63.060001,51.83535,2259400
2008-11-04,64.860001,68.300003,64.260002,68.010002,55.904266,3075700
2008-11-05,66.860001,68.269997,63.18,63.209998999999996,51.958637,2387200
2008-11-06,62.650002,64.160004,59.919998,60.209998999999996,49.492649,2581700
2008-11-07,60.82,63.529999,60.459998999999996,63.459998999999996,52.164131,2163400
2008-11-10,66.129997,66.849998,62.310001,63.240002000000004,51.983299,2467900
2008-11-11,62.0,62.990002000000004,58.369999,59.84,49.188511,2422700
2008-11-12,59.360001000000004,59.709998999999996,56.419998,56.59,46.516998,3390100
2008-11-13,58.259997999999996,62.549999,54.580002,62.279999,51.194179999999996,4112600
2008-11-14,61.529999,63.23,59.459998999999996,59.459998999999996,48.876133,2295900
2008-11-17,58.369999,61.110001000000004,57.849998,57.869999,47.569157000000004,1891600
2008-11-18,57.619999,58.77,55.650002,57.529999,47.289677000000005,2768100
2008-11-19,57.220001,58.77,53.48,53.84,44.256504,3744600
2008-11-20,52.73,54.830002,47.400002,47.799999,39.291618,4988700
2008-11-21,49.029999,54.84,49.029999,54.330002,44.659294,5253400
2008-11-24,54.939999,58.299999,53.009997999999996,56.16,46.163540000000005,4567300
2008-11-25,57.5,59.990002000000004,55.93,58.860001000000004,48.382946000000004,2969900
2008-11-26,56.509997999999996,59.389998999999996,55.060001,59.369999,48.802155,2908800
2008-11-28,59.029999,59.77,57.349998,59.049999,48.539131,1115400
2008-12-01,57.689999,57.689999,51.580002,51.610001000000004,42.423443,3494300
2008-12-02,53.189999,56.470001,52.189999,55.18,45.357979,3202300
2008-12-03,52.220001,54.950001,52.220001,54.200001,44.857269,2395200
2008-12-04,52.560001,53.59,51.16,52.200001,43.202019,2706100
2008-12-05,51.830002,55.959998999999996,49.82,55.810001,46.189743,3074500
2008-12-08,57.560001,59.799999,56.560001,59.310001,49.086422,3075200
2008-12-09,57.529999,59.439999,56.060001,56.950001,47.13324,2224000
2008-12-10,56.790001000000004,59.57,56.790001000000004,58.59,48.490536,3744000
2008-12-11,58.450001,59.700001,55.119999,55.77,46.156634999999994,2688200
2008-12-12,54.970001,56.029999,53.580002,55.779999,46.164921,2458100
2008-12-15,57.450001,57.459998999999996,54.330002,55.43,45.875240000000005,1676100
2008-12-16,56.02,58.93,55.439999,58.669998,48.556754999999995,3238300
2008-12-17,57.549999,59.25,57.549999,58.799999,48.664352,2984400
2008-12-18,58.93,59.900002,57.16,57.560001,47.638081,2356200
2008-12-19,57.860001000000004,59.779999,57.349998,57.740002000000004,47.787067,3008700
2008-12-22,58.09,58.09,55.209998999999996,56.09,46.421478,1869300
2008-12-23,57.599998,57.610001000000004,55.490002000000004,55.889998999999996,46.255962,1530000
2008-12-24,56.369999,56.369999,55.099998,55.580002,45.999382000000004,700400
2008-12-26,56.080002,56.369999,54.860001000000004,56.220001,46.529068,801300
2008-12-29,56.16,57.099998,55.279999,56.470001,46.735973,1270900
2008-12-30,56.779999,58.740002000000004,56.549999,58.650002,48.540203000000005,1857200
2008-12-31,58.029999,59.900002,57.91,59.360001000000004,49.127815000000005,1793200
2009-01-02,59.77,63.0,58.84,62.43,51.668628999999996,2010300
2009-01-05,61.5,64.629997,60.779999,63.869999,52.860397,2970300
2009-01-06,64.75,67.110001,64.639999,66.410004,54.962566,2570700
2009-01-07,65.019997,65.860001,62.310001,62.580002,51.792763,2168400
2009-01-08,62.41,64.0,61.84,63.18,52.289345000000004,2189000
2009-01-09,63.16,63.650002,61.790001000000004,62.259997999999996,51.527927000000005,1958300
2009-01-12,61.959998999999996,62.18,60.080002,60.889998999999996,50.394073,2762300
2009-01-13,60.450001,61.740002000000004,59.43,61.389998999999996,50.807899,2776500
2009-01-14,60.18,60.919998,59.189999,60.110001000000004,49.748528,3979100
2009-01-15,60.110001000000004,61.209998999999996,59.049999,60.950001,50.443740999999996,3763500
2009-01-16,61.860001000000004,62.540001000000004,60.810001,62.34,51.594131,2813500
2009-01-20,61.599998,62.580002,59.040001000000004,59.209998999999996,49.003677,3446100
2009-01-21,59.310001,61.099998,58.259997999999996,60.889998999999996,50.394073,3575200
2009-01-22,58.799999,60.889998999999996,58.669998,59.98,49.640934,3095800
2009-01-23,59.279999,60.93,57.610001000000004,60.040001000000004,49.690594,2378000
2009-01-26,60.110001000000004,62.0,59.25,59.869999,49.549904,1939800
2009-01-27,60.209998999999996,61.0,59.040001000000004,59.360001000000004,49.127815000000005,2625100
2009-01-28,61.41,65.989998,61.41,64.0,52.967994999999995,3802100
2009-01-29,61.0,64.300003,61.0,63.09,52.214847999999996,4501600
2009-01-30,63.25,63.549999,61.700001,62.259997999999996,51.527927000000005,4500300
2009-02-02,61.02,62.189999,60.360001000000004,61.759997999999996,51.114117,3187900
2009-02-03,62.509997999999996,62.700001,61.5,62.240002000000004,51.511379,4490000
2009-02-04,63.099998,65.309998,63.0,64.91999799999999,53.729397,4373300
2009-02-05,63.779999,67.379997,63.779999,67.150002,55.575005000000004,4257300
2009-02-06,67.400002,69.790001,66.779999,69.629997,57.62751,3849800
2009-02-09,69.510002,70.58000200000001,69.110001,70.129997,58.041328,4449500
2009-02-10,69.190002,70.32,67.489998,67.870003,56.170902000000005,6473600
2009-02-11,68.190002,68.82,67.110001,67.93,56.220546999999996,3744600
2009-02-12,66.730003,68.75,65.5,68.690002,56.84955600000001,3624600
2009-02-13,68.550003,68.790001,67.339996,67.459999,55.83156999999999,4352700
2009-02-17,65.150002,66.349998,64.839996,64.93,53.737686,5018500
2009-02-18,65.379997,66.0,63.470001,64.029999,52.992817,4623800
2009-02-19,64.129997,66.040001,62.59,62.91,52.065891,3221400
2009-02-20,61.0,64.150002,60.810001,63.41,52.479698,2810400
2009-02-23,64.33000200000001,64.33000200000001,59.380001,59.529999,49.268516999999996,3928300
2009-02-24,60.09,61.32,58.41,60.919998,50.418896000000004,3519600
2009-02-25,61.110001000000004,61.259997999999996,58.799999,59.290001000000004,49.069881,2645400
2009-02-26,59.91,61.700001,58.5,58.52,48.432602,3330700
2009-02-27,57.209998999999996,58.790001000000004,56.619999,56.75,46.967705,4633500
2009-03-02,55.450001,56.27,53.66,53.93,44.633804,4026100
2009-03-03,54.369999,56.119999,53.91,55.259997999999996,45.734543,3794500
2009-03-04,56.34,57.650002,55.75,56.790001000000004,47.343513,3692800
2009-03-05,55.290001000000004,56.220001,54.200001,54.77,45.659519,3040200
2009-03-06,55.009997999999996,56.5,53.669998,55.240002000000004,46.051338,2578100
2009-03-09,53.349998,55.279999,53.349998,53.98,45.000931,3542400
2009-03-10,55.049999,58.110001000000004,54.560001,57.970001,48.327232,4433500
2009-03-11,58.560001,60.599998,58.439999,60.049999,50.061237,3266000
2009-03-12,59.849998,62.560001,59.049999,62.290001000000004,51.928635,3136400
2009-03-13,62.73,64.440002,61.950001,64.050003,53.395889000000004,3549900
2009-03-16,64.300003,65.150002,62.59,62.720001,52.287106,3351100
2009-03-17,62.790001000000004,64.139999,61.459998999999996,64.139999,53.470901,2433600
2009-03-18,63.549999,64.57,62.669998,64.339996,53.63764200000001,3036800
2009-03-19,65.279999,66.099998,64.209999,64.449997,53.72933199999999,2069900
2009-03-20,64.160004,64.910004,62.459998999999996,63.220001,52.703941,2530200
2009-03-23,63.790001000000004,66.66999799999999,62.0,66.66999799999999,55.58006700000001,2137800
2009-03-24,65.870003,66.949997,64.58000200000001,66.370003,55.329975,2211800
2009-03-25,67.050003,68.510002,65.839996,67.889999,56.597137,2020100
2009-03-26,68.470001,69.989998,67.900002,69.860001,58.239422,2127000
2009-03-27,68.959999,69.949997,67.589996,68.32,56.955612,2204000
2009-03-30,66.860001,66.910004,65.110001,65.91999799999999,54.954806999999995,2507600
2009-03-31,67.110001,68.300003,65.809998,67.290001,56.096951000000004,2255600
2009-04-01,66.16999799999999,69.629997,65.470001,68.980003,57.505829000000006,2888700
2009-04-02,71.400002,71.529999,68.110001,68.389999,57.013962,3695100
2009-04-03,68.190002,70.33000200000001,68.190002,70.33000200000001,58.631248,1979700
2009-04-06,69.57,69.66999799999999,68.059998,69.400002,57.855949,1545400
2009-04-07,68.150002,68.68,66.610001,66.910004,55.78014,1677300
2009-04-08,66.940002,68.720001,66.339996,68.050003,56.730503000000006,1405700
2009-04-09,69.68,70.779999,68.809998,69.309998,57.780914,1869100
2009-04-13,68.620003,70.099998,67.650002,69.589996,58.014343000000004,1482000
2009-04-14,68.730003,69.260002,67.790001,68.459999,57.072334,1509500
2009-04-15,68.120003,69.480003,67.559998,69.349998,57.81428100000001,1448400
2009-04-16,70.0,70.400002,68.93,69.349998,57.81428100000001,2877300
2009-04-17,69.410004,69.849998,68.360001,68.779999,57.339088000000004,2064300
2009-04-20,67.940002,68.019997,65.129997,65.279999,54.42128,2029800
2009-04-21,64.58000200000001,67.43,64.5,67.160004,55.98856,2750000
2009-04-22,66.230003,70.349998,65.900002,68.739998,57.305721,3138100
2009-04-23,69.910004,70.269997,68.290001,70.029999,58.381165,2768800
2009-04-24,70.459999,73.0,70.279999,72.57,60.498653000000004,2826900
2009-04-27,71.480003,72.57,70.660004,72.019997,60.040131,1593300
2009-04-28,70.760002,72.449997,69.93,71.470001,59.581618999999996,1836900
2009-04-29,72.370003,72.559998,71.010002,71.650002,59.731697,3076200
2009-04-30,73.550003,76.0,72.93,74.610001,62.199318000000005,3901100
2009-05-01,74.059998,74.610001,72.470001,73.440002,61.223942,1846000
2009-05-04,75.099998,77.610001,74.010002,77.349998,64.48354300000001,2461000
2009-05-05,77.209999,77.339996,73.849998,74.41999799999999,62.040909,2335600
2009-05-06,74.720001,75.709999,74.489998,75.300003,62.774547999999996,2260000
2009-05-07,76.720001,76.970001,72.370003,73.040001,60.890480000000004,2598100
2009-05-08,74.050003,74.860001,72.699997,73.160004,60.990501,2287300
2009-05-11,71.959999,72.970001,71.0,71.769997,59.831718,1891100
2009-05-12,72.349998,72.970001,71.110001,72.540001,60.473637,1922400
2009-05-13,71.440002,71.720001,69.370003,69.839996,58.222758999999996,2702600
2009-05-14,69.849998,71.389999,69.790001,71.029999,59.214817000000004,1879100
2009-05-15,70.720001,71.790001,69.949997,70.5,58.772976,1783800
2009-05-18,71.400002,72.639999,70.75,72.519997,60.45697,2281200
2009-05-19,72.769997,73.489998,72.379997,72.779999,60.673729,1444200
2009-05-20,73.279999,74.730003,72.190002,72.449997,60.39863199999999,1816400
2009-05-21,71.41999799999999,71.449997,69.639999,70.41999799999999,58.706284,1877100
2009-05-22,71.050003,72.0,70.199997,71.099998,59.27318199999999,1201400
2009-05-26,70.470001,73.129997,70.059998,72.699997,60.607032999999994,1467000
2009-05-27,72.459999,73.019997,70.190002,70.209999,58.53121899999999,2146300
2009-05-28,71.16999799999999,71.519997,69.720001,71.370003,59.498253000000005,1713700
2009-05-29,72.120003,73.209999,71.050003,73.199997,61.023853,1915900
2009-06-01,73.690002,76.699997,73.199997,76.32,63.62489300000001,1953100
2009-06-02,76.139999,76.970001,75.33000200000001,76.769997,64.000023,2572800
2009-06-03,75.949997,75.949997,73.66999799999999,74.589996,62.508327,2097400
2009-06-04,75.019997,76.5,74.5,76.010002,63.698344999999996,1887100
2009-06-05,76.269997,77.08000200000001,75.199997,75.860001,63.572624,1846700
2009-06-08,75.239998,76.150002,74.160004,75.41999799999999,63.203888,1128300
2009-06-09,75.629997,76.41999799999999,75.0,76.089996,63.765377,1264200
2009-06-10,76.989998,76.989998,73.449997,74.510002,62.441295999999994,1958600
2009-06-11,75.129997,76.949997,75.0,75.910004,63.614532,1565000
2009-06-12,75.68,75.68,73.529999,74.739998,62.634041,1644500
2009-06-15,73.66999799999999,73.860001,71.769997,72.519997,60.77364300000001,1708400
2009-06-16,73.089996,73.559998,71.269997,71.269997,59.726096999999996,1941900
2009-06-17,70.940002,72.720001,69.879997,71.470001,59.8937,2491600
2009-06-18,71.480003,73.449997,71.190002,72.599998,60.840664000000004,1493500
2009-06-19,72.32,73.339996,71.349998,72.139999,60.455204,1991800
2009-06-22,70.800003,71.269997,68.93,69.08000200000001,57.890823,2131000
2009-06-23,68.849998,70.18,67.970001,69.760002,58.46066999999999,2246100
2009-06-24,70.230003,70.959999,69.150002,69.66999799999999,58.38525,1857300
2009-06-25,69.610001,71.290001,69.110001,71.0,59.499825,2078000
2009-06-26,70.800003,72.410004,70.360001,72.18,60.488696999999995,2301400
2009-06-29,72.32,72.779999,71.739998,72.32,60.606026,1593200
2009-06-30,72.08000200000001,72.620003,70.790001,71.07,59.558487,2257700
2009-07-01,71.690002,72.269997,70.760002,70.900002,59.416016000000006,1662900
2009-07-02,69.720001,70.32,68.849998,70.160004,58.795864,1811500
2009-07-06,68.599998,70.839996,68.599998,70.400002,58.99701700000001,2480700
2009-07-07,70.110001,70.260002,67.190002,67.339996,56.432643999999996,2914100
2009-07-08,67.68,68.839996,67.629997,68.5,57.404766,2753800
2009-07-09,69.489998,70.07,68.349998,69.449997,58.200851,1737600
2009-07-10,68.599998,69.589996,68.019997,69.230003,58.016537,2090700
2009-07-13,69.300003,71.160004,68.360001,71.050003,59.541720999999995,2024700
2009-07-14,71.029999,71.370003,70.18,71.33000200000001,59.776382,1488100
2009-07-15,72.309998,72.959999,71.529999,72.269997,60.56412099999999,2837400
2009-07-16,72.339996,73.190002,71.339996,72.08000200000001,60.4049,2777100
2009-07-17,71.410004,71.870003,70.739998,71.150002,59.625533999999995,2113300
2009-07-20,71.510002,72.300003,70.690002,71.58000200000001,59.98587,1943800
2009-07-21,72.480003,73.5,71.790001,73.360001,61.477546999999994,2058500
2009-07-22,72.559998,74.5,72.559998,74.059998,62.064186,1807200
2009-07-23,74.269997,76.970001,73.660004,76.279999,63.924603000000005,2675600
2009-07-24,75.989998,76.41999799999999,75.089996,76.300003,63.941353,1247500
2009-07-27,76.25,77.150002,76.029999,77.019997,64.544754,1644100
2009-07-28,76.519997,77.0,75.440002,76.400002,64.02514599999999,1593600
2009-07-29,70.059998,74.290001,70.040001,73.510002,61.60326,5341300
2009-07-30,75.160004,76.0,73.989998,75.629997,63.379902,4070300
2009-07-31,75.75,79.5,75.379997,78.18,65.51686099999999,3382500
2009-08-03,76.68,79.370003,75.389999,78.230003,65.558762,3128300
2009-08-04,77.470001,79.489998,75.82,78.160004,65.500107,2772600
2009-08-05,78.279999,78.279999,76.860001,78.059998,65.41629,1402300
2009-08-06,78.290001,79.0,77.400002,77.809998,65.206779,1431700
2009-08-07,78.589996,79.199997,76.900002,78.25,65.57551600000001,1556900
2009-08-10,77.75,77.910004,76.440002,77.07,64.586632,1006900
2009-08-11,76.660004,77.239998,75.970001,76.779999,64.343597,1045900
2009-08-12,76.290001,78.589996,76.239998,77.900002,65.282211,1236600
2009-08-13,78.550003,78.949997,77.190002,77.66999799999999,65.089478,1371200
2009-08-14,77.309998,77.629997,74.790001,75.900002,63.606155,2881200
2009-08-17,73.989998,75.41999799999999,73.989998,74.870003,62.742977,1710100
2009-08-18,75.010002,76.099998,74.849998,75.660004,63.405025,1241900
2009-08-19,74.709999,77.58000200000001,73.980003,77.110001,64.62017800000001,1318900
2009-08-20,77.440002,77.440002,76.150002,76.849998,64.402275,1294700
2009-08-21,77.790001,79.199997,77.459999,78.5,65.785027,1951200
2009-08-24,79.050003,79.400002,77.209999,77.459999,64.913467,1717100
2009-08-25,77.91999799999999,78.599998,77.08000200000001,77.480003,64.93024399999999,1176500
2009-08-26,77.239998,78.260002,76.599998,77.370003,64.838043,1058300
2009-08-27,76.480003,77.550003,76.110001,76.769997,64.335228,1177000
2009-08-28,77.43,77.68,75.900002,76.599998,64.19277199999999,1297300
2009-08-31,75.989998,76.779999,75.519997,76.620003,64.209541,1459600
2009-09-01,76.099998,76.83000200000001,75.410004,75.470001,63.245808,2728800
2009-09-02,75.07,75.16999799999999,74.059998,75.0,63.186831999999995,2691400
2009-09-03,75.709999,76.190002,75.010002,76.110001,64.12200899999999,1817600
2009-09-04,76.029999,76.599998,75.449997,76.589996,64.52639,1074500
2009-09-08,77.769997,77.769997,75.839996,76.5,64.450562,1951200
2009-09-09,76.650002,77.199997,76.199997,76.989998,64.86338,1397700
2009-09-10,76.599998,77.639999,75.699997,77.559998,65.34359,1527300
2009-09-11,77.889999,78.0,76.870003,77.260002,65.090866,1499100
2009-09-14,76.440002,77.91999799999999,76.110001,77.849998,65.587921,957200
2009-09-15,77.91999799999999,78.790001,77.010002,78.57,66.19453399999999,1590500
2009-09-16,79.010002,80.239998,78.07,79.879997,67.298172,2394900
2009-09-17,79.83000200000001,80.660004,79.370003,79.949997,67.35717,2133700
2009-09-18,80.339996,81.550003,79.68,81.050003,68.283897,2493900
2009-09-21,80.68,81.5,79.900002,81.349998,68.536644,1767500
2009-09-22,82.019997,82.25,81.110001,81.839996,68.949463,1490800
2009-09-23,81.769997,82.209999,80.08000200000001,80.220001,67.58465600000001,1779400
2009-09-24,80.57,80.959999,79.199997,79.529999,67.003304,1378500
2009-09-25,79.389999,80.709999,79.160004,79.58000200000001,67.045433,1779600
2009-09-28,79.82,81.269997,79.690002,80.550003,67.862663,1340900
2009-09-29,80.610001,81.589996,80.32,81.0,68.24176800000001,1450400
2009-09-30,81.260002,82.239998,80.400002,81.690002,68.82309000000001,2095800
2009-10-01,81.790001,81.790001,78.949997,78.989998,66.548378,3187100
2009-10-02,77.809998,79.800003,77.099998,79.209999,66.733719,1923100
2009-10-05,79.57,80.220001,78.879997,79.110001,66.649475,1919700
2009-10-06,79.910004,81.220001,79.68,80.900002,68.15753199999999,1649600
2009-10-07,80.629997,81.5,80.449997,80.730003,68.01432,1603200
2009-10-08,81.620003,82.0,80.760002,81.459999,68.629333,2503500
2009-10-09,81.519997,82.389999,80.959999,82.349998,69.379143,1366600
2009-10-12,82.58000200000001,83.25,82.290001,82.800003,69.75827,1261200
2009-10-13,82.610001,83.07,82.0,82.760002,69.724548,1195400
2009-10-14,83.75,84.0,82.980003,83.940002,70.71869699999999,1354000
2009-10-15,83.540001,83.940002,82.83000200000001,83.910004,70.693428,1574200
2009-10-16,83.839996,85.239998,83.279999,84.089996,70.845062,1518300
2009-10-19,84.099998,84.83000200000001,83.779999,84.599998,71.274734,1212100
2009-10-20,84.58000200000001,84.589996,83.0,83.599998,70.43225100000001,1273900
2009-10-21,83.110001,84.589996,82.760002,82.910004,69.850937,1865100
2009-10-22,82.910004,84.900002,82.0,84.489998,71.182037,1824100
2009-10-23,84.68,84.839996,82.349998,82.68,69.657158,1429200
2009-10-26,82.540001,84.110001,81.83000200000001,82.160004,69.219078,1397200
2009-10-27,82.16999799999999,83.019997,81.470001,81.529999,68.688278,1670600
2009-10-28,80.5,80.989998,76.839996,79.889999,67.306602,3513900
2009-10-29,81.25,83.019997,80.290001,82.349998,69.379143,2333700
2009-10-30,81.870003,81.949997,79.32,79.440002,66.927498,2060700
2009-11-02,80.150002,81.41999799999999,78.75,80.08000200000001,67.466667,1506700
2009-11-03,79.339996,80.410004,79.18,80.129997,67.50878900000001,1494700
2009-11-04,80.730003,81.050003,79.120003,79.309998,66.817955,1230600
2009-11-05,79.589996,81.269997,79.589996,81.199997,68.410286,1024600
2009-11-06,80.58000200000001,81.870003,80.239998,81.709999,68.839928,1054500
2009-11-09,82.349998,83.650002,81.93,83.629997,70.457497,1371900
2009-11-10,83.510002,83.540001,82.66999799999999,83.41999799999999,70.280617,1237200
2009-11-11,83.720001,83.790001,82.440002,83.110001,70.019402,1206300
2009-11-12,83.099998,83.540001,82.199997,82.459999,69.471802,1420000
2009-11-13,82.449997,83.879997,82.150002,83.519997,70.36484499999999,1092400
2009-11-16,84.089996,84.970001,83.980003,84.720001,71.37583199999999,1102700
2009-11-17,83.860001,84.93,83.629997,84.889999,71.51907299999999,1075000
2009-11-18,84.760002,84.970001,83.480003,83.879997,70.668144,1100900
2009-11-19,83.040001,83.760002,81.959999,82.360001,69.387535,1511700
2009-11-20,81.809998,82.839996,81.739998,82.610001,69.598206,1285700
2009-11-23,83.389999,84.489998,83.0,83.459999,70.314285,764900
2009-11-24,83.25,83.559998,82.279999,82.779999,69.741425,1179700
2009-11-25,82.559998,83.199997,82.400002,83.099998,70.011002,1084100
2009-11-27,80.889999,82.41999799999999,80.519997,81.510002,68.67144,728200
2009-11-30,81.699997,82.480003,80.75,82.029999,69.109535,1261100
2009-12-01,82.959999,83.260002,82.5,83.0,69.92675,891600
2009-12-02,82.93,83.540001,82.150002,82.720001,69.690857,1234000
2009-12-03,82.32,83.410004,81.82,82.459999,69.80938,1744900
2009-12-04,83.720001,86.07,81.650002,82.480003,69.826324,2609700
2009-12-07,82.43,83.07,81.940002,82.389999,69.75013,1168300
2009-12-08,81.91999799999999,82.019997,81.040001,81.150002,68.700363,1845100
2009-12-09,81.230003,82.610001,80.529999,82.510002,69.851715,1646600
2009-12-10,83.08000200000001,83.620003,81.690002,82.08000200000001,69.48769399999999,1251200
2009-12-11,82.660004,82.690002,80.83000200000001,81.349998,68.869659,1391500
2009-12-14,81.809998,82.059998,81.0,82.019997,69.43689,1129800
2009-12-15,81.410004,82.610001,81.209999,81.639999,69.115181,1675700
2009-12-16,82.110001,82.589996,81.32,81.82,69.26756999999999,1343300
2009-12-17,81.25,81.5,80.529999,80.779999,68.38711500000001,1387900
2009-12-18,81.379997,81.459999,79.779999,80.279999,67.963821,2117200
2009-12-21,80.260002,80.82,79.410004,79.989998,67.718315,2051900
2009-12-22,80.209999,80.779999,79.529999,79.660004,67.43895699999999,1933100
2009-12-23,79.650002,79.860001,79.16999799999999,79.68,67.455887,1751800
2009-12-24,79.790001,80.089996,79.699997,79.83000200000001,67.58285500000001,722500
2009-12-28,80.0,80.839996,79.83000200000001,80.709999,68.327843,1387800
2009-12-29,80.5,81.32,80.5,80.949997,68.531059,714900
2009-12-30,80.610001,81.709999,80.540001,81.269997,68.80193299999999,1141600
2009-12-31,81.449997,81.529999,80.300003,80.309998,67.989227,1003400
2010-01-04,80.910004,81.779999,80.849998,81.559998,69.04744000000001,1233000
2010-01-05,81.269997,81.400002,79.629997,80.040001,67.760628,2170900
2010-01-06,80.029999,80.989998,80.0,80.75,68.361717,2359700
2010-01-07,80.760002,81.230003,80.589996,80.959999,68.53952,2105100
2010-01-08,80.709999,81.57,80.599998,81.489998,68.988174,1424900
2010-01-11,82.339996,82.370003,81.410004,82.260002,69.64008299999999,1343000
2010-01-12,81.349998,81.809998,80.699997,81.379997,68.895065,1171200
2010-01-13,81.779999,82.940002,81.25,82.82,70.114143,1257800
2010-01-14,82.870003,82.870003,80.879997,81.010002,68.581848,1401500
2010-01-15,80.760002,81.449997,80.360001,80.959999,68.53952,1788900
2010-01-19,80.739998,81.529999,80.599998,81.08000200000001,68.641098,1598500
2010-01-20,80.410004,81.029999,80.08000200000001,80.75,68.361717,1456100
2010-01-21,80.739998,81.620003,79.480003,79.5,67.30348199999999,1672400
2010-01-22,79.220001,80.290001,77.900002,78.239998,66.23677099999999,2019200
2010-01-25,79.260002,80.089996,78.940002,79.43,67.244209,1885800
2010-01-26,78.940002,79.800003,78.449997,78.660004,66.592354,1939100
2010-01-27,77.449997,78.529999,74.699997,76.769997,64.992317,6430200
2010-01-28,77.160004,77.470001,75.870003,76.150002,64.467453,2827800
2010-01-29,76.800003,76.93,75.16999799999999,75.32,63.764748,3075600
2010-02-01,76.010002,76.809998,75.779999,76.809998,65.02619200000001,2450400
2010-02-02,76.800003,77.599998,76.18,77.239998,65.390221,1888000
2010-02-03,77.029999,77.720001,76.660004,76.889999,65.09391,1658200
2010-02-04,76.18,76.510002,74.550003,74.589996,63.146755000000006,2506800
2010-02-05,74.980003,75.599998,73.110001,74.010002,62.655739000000004,4520300
2010-02-08,74.129997,76.16999799999999,73.989998,74.139999,62.765785,2498700
2010-02-09,75.040001,75.769997,73.849998,75.190002,63.654701,2950700
2010-02-10,75.07,76.08000200000001,74.519997,75.220001,63.680080000000004,2379200
2010-02-11,75.040001,76.32,75.019997,76.230003,64.535149,1680000
2010-02-12,75.160004,77.089996,74.620003,76.93,65.12777700000001,3320000
2010-02-16,77.739998,78.0,77.209999,77.91999799999999,65.965866,1770100
2010-02-17,78.139999,78.779999,77.400002,78.040001,66.067474,1933200
2010-02-18,77.790001,78.489998,77.410004,77.709999,65.788101,2129900
2010-02-19,77.480003,77.760002,76.870003,77.220001,65.37326800000001,2765400
2010-02-22,77.459999,77.68,76.739998,76.900002,65.102379,2019000
2010-02-23,76.639999,76.849998,75.889999,76.160004,64.475899,1756300
2010-02-24,76.440002,76.910004,75.620003,76.0,64.340439,2892400
2010-02-25,75.029999,75.459999,74.029999,75.010002,63.502308,3189800
2010-02-26,75.07,75.5,74.510002,75.139999,63.612377,1571000
2010-03-01,75.470001,76.129997,74.910004,76.059998,64.391243,1911500
2010-03-02,76.779999,77.150002,76.300003,76.970001,65.161644,1983500
2010-03-03,77.0,77.639999,76.559998,76.599998,65.229744,1710700
2010-03-04,76.870003,77.459999,76.639999,77.260002,65.791786,2547700
2010-03-05,77.800003,79.019997,77.41999799999999,78.989998,67.264999,2215000
2010-03-08,79.059998,80.0,78.980003,79.230003,67.46936,2471500
2010-03-09,79.010002,79.5,78.75,79.230003,67.46936,1584900
2010-03-10,78.839996,79.589996,78.150002,79.010002,67.282036,1712800
2010-03-11,78.589996,79.510002,78.08000200000001,79.510002,67.707787,1223700
2010-03-12,79.769997,79.970001,79.300003,79.589996,67.775925,916500
2010-03-15,79.620003,79.900002,79.16999799999999,79.739998,67.903648,1280000
2010-03-16,79.800003,80.599998,79.57,80.589996,68.627472,1965300
2010-03-17,80.910004,82.07,80.730003,82.040001,69.862267,2223700
2010-03-18,81.589996,82.349998,81.589996,82.129997,69.938896,2047800
2010-03-19,81.620003,83.220001,81.230003,81.620003,69.504601,2463600
2010-03-22,81.559998,82.160004,81.099998,82.07,69.88780200000001,990200
2010-03-23,82.199997,82.66999799999999,81.550003,82.66999799999999,70.39874300000001,1429600
2010-03-24,82.43,82.639999,81.57,82.279999,70.066643,1313000
2010-03-25,82.650002,82.75,81.25,81.360001,69.28318,1251100
2010-03-26,81.519997,82.220001,81.07,81.58000200000001,69.470528,1523500
2010-03-29,81.82,82.290001,81.010002,81.839996,69.69194,1310300
2010-03-30,82.050003,82.82,81.839996,82.760002,70.475388,1691900
2010-03-31,82.559998,83.290001,82.559998,83.0,70.679733,1879400
2010-04-01,83.57,83.879997,83.08000200000001,83.82,71.378036,1639600
2010-04-05,83.91999799999999,84.260002,83.5,83.949997,71.488739,2207300
2010-04-06,83.33000200000001,84.41999799999999,83.290001,84.269997,71.761246,1399900
2010-04-07,83.889999,84.75,83.43,84.440002,71.906029,2023700
2010-04-08,84.18,84.760002,84.129997,84.489998,71.948593,1212200
2010-04-09,84.559998,85.239998,84.459999,84.949997,72.34028599999999,2555800
2010-04-12,85.139999,85.389999,84.739998,84.989998,72.374382,2661000
2010-04-13,84.739998,85.139999,84.620003,84.940002,72.331779,1411100
2010-04-14,85.059998,85.980003,84.790001,85.879997,73.13225600000001,1635700
2010-04-15,85.860001,87.839996,85.650002,87.639999,74.631012,2284500
2010-04-16,87.389999,88.0,86.459999,86.809998,73.924194,2213600
2010-04-19,86.220001,87.139999,85.66999799999999,87.129997,74.196709,1517200
2010-04-20,87.58000200000001,88.139999,86.790001,88.139999,75.05680799999999,1763200
2010-04-21,88.139999,88.139999,87.029999,87.559998,74.562889,1643500
2010-04-22,86.82,87.800003,85.910004,87.709999,74.690613,1793700
2010-04-23,87.860001,88.279999,86.989998,88.220001,75.12494699999999,1277000
2010-04-26,88.400002,89.0,88.059998,88.269997,75.167503,1304700
2010-04-27,88.040001,88.16999799999999,86.410004,86.410004,73.58359499999999,1674600
2010-04-28,83.769997,86.599998,82.010002,84.339996,71.820824,4587400
2010-04-29,83.949997,85.940002,83.949997,84.309998,71.79531899999999,3493500
2010-04-30,84.540001,84.82,83.68,83.769997,71.33548,2218800
2010-05-03,84.230003,84.400002,83.650002,84.010002,71.539833,1480500
2010-05-04,82.959999,83.18,81.5,82.16999799999999,69.972984,2177600
2010-05-05,81.68,82.379997,81.010002,81.900002,69.74305,2035100
2010-05-06,81.519997,82.790001,76.150002,79.339996,67.563034,3363800
2010-05-07,79.199997,80.470001,78.010002,78.879997,67.17130999999999,3332700
2010-05-10,81.519997,81.779999,79.730003,81.300003,69.232132,2978000
2010-05-11,80.459999,81.190002,80.190002,80.389999,68.457169,1458500
2010-05-12,80.760002,81.790001,80.349998,81.75,69.615303,1243800
2010-05-13,81.440002,81.599998,80.309998,80.510002,68.559364,1417100
2010-05-14,79.889999,80.190002,77.279999,77.900002,66.3368,3078100
2010-05-17,78.25,78.91999799999999,76.279999,78.08000200000001,66.49006700000001,3298200
2010-05-18,78.720001,79.910004,77.709999,77.790001,66.243111,3089900
2010-05-19,77.25,77.32,75.33000200000001,76.540001,65.17866500000001,3473800
2010-05-20,75.050003,75.93,74.230003,74.269997,63.245602000000005,3900500
2010-05-21,73.690002,77.129997,72.699997,77.099998,65.65554,5360900
2010-05-24,76.410004,77.07,75.589996,75.970001,64.69326,2913600
2010-05-25,73.809998,76.370003,73.809998,76.290001,64.96578199999999,2769400
2010-05-26,77.0,77.790001,76.339996,76.849998,65.442657,3165500
2010-05-27,78.279999,78.91999799999999,77.290001,78.910004,67.19686899999999,2222000
2010-05-28,78.910004,78.910004,77.25,77.599998,66.081329,2809100
2010-06-01,77.040001,77.900002,76.25,76.25,64.931717,1909000
2010-06-02,76.91999799999999,78.099998,75.980003,78.040001,66.456001,2122500
2010-06-03,77.559998,77.709999,75.779999,76.449997,65.479591,3228900
2010-06-04,75.199997,75.5,74.0,74.120003,63.483940000000004,3909700
2010-06-07,74.41999799999999,75.41999799999999,74.099998,74.239998,63.58671999999999,3744200
2010-06-08,74.279999,76.059998,73.839996,75.93,65.034225,2843000
2010-06-09,76.629997,77.360001,75.769997,76.099998,65.179817,2161600
2010-06-10,77.230003,78.43,77.019997,77.650002,66.507401,2333400
2010-06-11,76.769997,77.839996,76.769997,77.779999,66.61874399999999,1470200
2010-06-14,78.239998,78.639999,77.410004,77.5,66.378906,2204400
2010-06-15,78.010002,79.33000200000001,77.58000200000001,79.300003,67.920647,2778100
2010-06-16,78.589996,80.269997,78.589996,80.089996,68.597267,1927900
2010-06-17,80.5,80.790001,79.16999799999999,80.739998,69.153999,2112400
2010-06-18,80.989998,81.709999,80.790001,81.16999799999999,69.522278,2069800
2010-06-21,81.980003,83.269997,81.309998,81.83000200000001,70.08757,2150200
2010-06-22,81.760002,82.440002,80.529999,80.550003,68.99125699999999,1776000
2010-06-23,80.5,81.040001,79.099998,80.199997,68.691475,2269200
2010-06-24,79.889999,80.790001,78.989998,79.099998,67.749313,2435700
2010-06-25,79.449997,80.0,78.459999,79.449997,68.049095,2239200
2010-06-28,79.720001,79.970001,78.839996,79.349998,67.96345500000001,1151600
2010-06-29,78.489998,78.709999,76.940002,77.370003,66.267586,1706000
2010-06-30,77.410004,77.970001,75.849998,75.989998,65.08560899999999,1917000
2010-07-01,75.720001,77.239998,75.699997,76.769997,65.753677,2202400
2010-07-02,76.970001,77.349998,76.16999799999999,76.879997,65.84788499999999,1478800
2010-07-06,77.639999,77.989998,76.529999,77.459999,66.344658,1572700
2010-07-07,77.66999799999999,79.949997,77.550003,79.910004,68.443085,1672600
2010-07-08,80.589996,81.08000200000001,80.059998,81.08000200000001,69.44519,1690800
2010-07-09,81.050003,81.800003,80.730003,81.33000200000001,69.65933199999999,1476700
2010-07-12,81.059998,81.75,80.739998,81.5,69.804932,1239700
2010-07-13,82.120003,83.870003,81.849998,83.489998,71.509361,1926500
2010-07-14,81.33000200000001,83.190002,81.059998,82.83000200000001,70.944061,2610400
2010-07-15,82.989998,83.150002,81.690002,82.809998,70.926964,1602700
2010-07-16,82.379997,82.379997,80.690002,80.959999,69.342415,2026900
2010-07-19,81.32,81.480003,80.339996,81.029999,69.402367,1396700
2010-07-20,80.239998,82.57,80.089996,82.449997,70.618622,1731300
2010-07-21,82.959999,83.25,81.559998,82.360001,70.541519,1976900
2010-07-22,83.339996,85.360001,83.07,84.33000200000001,72.228813,2167000
2010-07-23,84.279999,85.43,83.870003,85.389999,73.136726,1373600
2010-07-26,85.150002,85.989998,85.07,85.650002,73.359406,1324100
2010-07-27,86.260002,86.389999,85.449997,85.83000200000001,73.51355699999999,1358600
2010-07-28,85.019997,86.720001,85.019997,86.279999,73.899017,1799100
2010-07-29,86.949997,87.25,85.41999799999999,85.809998,73.496452,2140800
2010-07-30,84.839996,87.410004,84.82,86.82,74.361549,2005100
2010-08-02,87.739998,88.25,87.589996,87.870003,75.260857,2507400
2010-08-03,87.360001,88.209999,87.309998,87.800003,75.200897,1293600
2010-08-04,88.120003,88.599998,87.68,88.449997,75.75762900000001,1213700
2010-08-05,88.040001,88.650002,87.800003,88.559998,75.851837,1253700
2010-08-06,87.75,88.610001,86.739998,87.760002,75.16664899999999,1203400
2010-08-09,88.010002,88.889999,88.010002,88.779999,76.040276,1100900
2010-08-10,88.010002,89.0,87.519997,88.690002,75.963196,1546100
2010-08-11,87.029999,87.690002,86.43,86.860001,74.395775,1843700
2010-08-12,86.410004,87.58000200000001,85.800003,87.309998,74.781204,1871900
2010-08-13,86.959999,87.58000200000001,86.68,87.290001,74.76406899999999,1514900
2010-08-16,86.779999,88.589996,85.989998,87.980003,75.355064,1622500
2010-08-17,88.940002,89.739998,88.410004,89.139999,76.348618,1823100
2010-08-18,89.010002,89.559998,88.599998,89.089996,76.305756,1555800
2010-08-19,88.720001,88.779999,87.510002,88.110001,75.4664,2283500
2010-08-20,87.269997,88.470001,87.269997,88.349998,75.671951,1584500
2010-08-23,88.68,88.970001,87.43,87.489998,74.93537099999999,1251000
2010-08-24,85.449997,87.730003,85.449997,86.18,73.81336999999999,2430800
2010-08-25,85.709999,86.379997,84.519997,85.93,73.599243,1834200
2010-08-26,86.309998,87.0,85.410004,85.58000200000001,73.29946899999999,1187100
2010-08-27,86.099998,87.279999,85.260002,87.279999,74.75550799999999,1766900
2010-08-30,87.07,87.5,85.940002,85.940002,73.607788,1152600
2010-08-31,85.5,86.440002,85.120003,86.029999,73.684883,1631100
2010-09-01,87.18,88.75,86.540001,87.099998,74.601341,2879300
2010-09-02,86.790001,86.790001,85.239998,86.150002,74.170876,3778600
2010-09-03,86.91999799999999,87.339996,86.370003,87.239998,75.10928299999999,1535000
2010-09-07,86.82,87.220001,86.25,86.43,74.411926,1181000
2010-09-08,86.639999,87.150002,86.440002,86.58000200000001,74.541077,1420700
2010-09-09,87.400002,87.519997,86.489998,86.57,74.532471,1500900
2010-09-10,86.620003,86.900002,86.389999,86.449997,74.429138,1011600
2010-09-13,87.059998,87.559998,86.83000200000001,87.360001,75.212601,1256700
2010-09-14,87.360001,88.470001,87.220001,87.879997,75.66031600000001,1362400
2010-09-15,87.620003,88.260002,87.150002,88.199997,75.935799,1327600
2010-09-16,88.08000200000001,89.129997,87.809998,89.040001,76.659012,1285600
2010-09-17,88.879997,88.940002,88.269997,88.360001,76.073578,1716200
2010-09-20,88.660004,88.849998,88.190002,88.620003,76.29742399999999,1600000
2010-09-21,88.57,88.730003,87.650002,88.08000200000001,75.832512,1852200
2010-09-22,87.91999799999999,88.279999,87.550003,88.050003,75.806671,1446800
2010-09-23,87.83000200000001,88.5,86.870003,88.029999,75.789459,1486200
2010-09-24,88.699997,90.089996,88.43,90.089996,77.562973,1672400
2010-09-27,89.650002,90.5,89.650002,89.809998,77.321945,1250800
2010-09-28,90.0,90.720001,88.57,90.43,77.855721,1407900
2010-09-29,90.18,90.25,89.510002,89.730003,77.253067,918800
2010-09-30,89.989998,91.0,89.459999,90.260002,77.709373,1523900
2010-10-01,90.860001,90.989998,89.449997,89.650002,77.184212,1727500
2010-10-04,89.290001,89.800003,88.639999,89.040001,76.659012,1040300
2010-10-05,89.910004,91.220001,89.900002,91.190002,78.510048,1606800
2010-10-06,91.050003,91.690002,90.610001,91.18,78.50145699999999,972000
2010-10-07,91.459999,91.480003,89.910004,90.209999,77.666313,1027300
2010-10-08,90.510002,90.980003,90.269997,90.620003,78.01931,989300
2010-10-11,90.629997,91.0,90.25,90.449997,77.872955,799800
2010-10-12,89.739998,91.0,89.33000200000001,90.860001,78.225937,893200
2010-10-13,90.93,91.93,90.82,91.900002,79.121315,1860600
2010-10-14,91.610001,91.870003,90.25,90.709999,78.096786,1556200
2010-10-15,91.309998,91.68,90.120003,90.709999,78.096786,1446100
2010-10-18,90.709999,91.139999,90.25,90.779999,78.157036,680600
2010-10-19,89.5,89.949997,88.599998,89.410004,76.97757,1362100
2010-10-20,89.660004,91.43,88.599998,91.010002,78.355103,1181000
2010-10-21,91.16999799999999,92.860001,90.129997,92.760002,79.86174799999999,1938700
2010-10-22,92.529999,92.949997,91.790001,92.18,79.362404,830900
2010-10-25,92.699997,94.300003,92.699997,93.769997,80.73129300000001,1185600
2010-10-26,93.349998,93.5,92.389999,93.5,80.498848,1612900
2010-10-27,92.160004,92.160004,89.599998,90.510002,77.924614,2791700
2010-10-28,91.849998,91.849998,90.260002,90.91999799999999,78.277611,1277200
2010-10-29,90.720001,91.720001,90.279999,91.339996,78.639206,1342300
2010-11-01,91.800003,92.050003,91.0,91.339996,78.639206,1091200
2010-11-02,92.029999,92.57,91.529999,92.309998,79.474319,1437400
2010-11-03,92.620003,92.620003,91.230003,92.239998,79.414047,1184900
2010-11-04,93.199997,93.199997,91.480003,92.290001,79.45708499999999,1994000
2010-11-05,92.599998,93.059998,92.33000200000001,92.940002,80.016724,1452200
2010-11-08,92.519997,93.949997,92.5,93.620003,80.602165,1150800
2010-11-09,93.300003,93.989998,91.57,92.019997,79.224648,1272900
2010-11-10,92.010002,93.150002,91.290001,93.089996,80.145859,1015700
2010-11-11,92.07,93.32,92.0,92.82,79.913414,936400
2010-11-12,92.41999799999999,92.440002,90.900002,91.58000200000001,78.84584,950500
2010-11-15,91.730003,92.589996,91.459999,91.510002,78.78555300000001,777100
2010-11-16,90.309998,91.18,90.040001,90.400002,77.82991,1708100
2010-11-17,90.660004,91.16999799999999,90.150002,90.309998,77.75241899999999,1213500
2010-11-18,91.25,92.650002,91.18,91.870003,79.095497,1116000
2010-11-19,91.980003,92.690002,91.800003,92.489998,79.629288,1599900
2010-11-22,92.239998,92.309998,91.0,92.0,79.20742800000001,1091600
2010-11-23,91.07,91.559998,90.389999,91.160004,78.484215,1388400
2010-11-24,91.5,92.690002,90.959999,92.650002,79.767036,975600
2010-11-26,91.900002,92.690002,91.650002,92.050003,79.250465,596100
2010-11-29,91.790001,92.139999,90.040001,91.91999799999999,79.138542,1155000
2010-11-30,91.129997,92.470001,90.82,92.050003,79.250465,1257500
2010-12-01,93.010002,93.610001,92.010002,93.510002,80.507469,1873900
2010-12-02,93.389999,94.449997,93.150002,94.43,81.299522,1612900
2010-12-03,93.599998,94.379997,93.089996,94.199997,81.489838,1090100
2010-12-06,93.440002,94.269997,92.910004,93.800003,81.143837,913700
2010-12-07,94.540001,94.879997,93.43,94.08000200000001,81.38604000000001,1599900
2010-12-08,94.349998,94.489998,93.08000200000001,93.550003,80.927559,1149600
2010-12-09,94.07,94.199997,93.300003,93.720001,81.07463100000001,1280000
2010-12-10,93.93,94.0,93.019997,93.389999,80.789139,1234700
2010-12-13,93.720001,94.099998,93.089996,93.370003,80.771851,1405900
2010-12-14,93.059998,93.120003,92.199997,92.57,80.07976500000001,1553100
2010-12-15,92.099998,93.510002,92.0,93.089996,80.529625,1642800
2010-12-16,93.870003,93.940002,92.620003,93.860001,81.19574,1297200
2010-12-17,93.769997,94.029999,93.029999,93.519997,80.901611,1813300
2010-12-20,93.650002,94.959999,93.33000200000001,94.790001,82.000237,1391000
2010-12-21,95.0,96.339996,94.739998,95.970001,83.021057,1512700
2010-12-22,96.16999799999999,96.16999799999999,95.209999,95.650002,82.744202,931000
2010-12-23,95.489998,95.959999,95.269997,95.510002,82.623108,640100
2010-12-27,95.339996,95.709999,94.93,95.379997,82.510635,398400
2010-12-28,95.5,95.760002,94.879997,95.610001,82.70961,526000
2010-12-29,95.849998,96.199997,95.650002,95.93,82.986435,691200
2010-12-30,95.739998,95.809998,94.709999,94.849998,82.052162,2364300
2010-12-31,94.889999,95.730003,94.760002,95.470001,82.58850100000001,1069600
2011-01-03,95.989998,95.989998,95.099998,95.220001,82.372215,1529600
2011-01-04,95.790001,95.910004,93.839996,94.559998,81.801285,1475600
2011-01-05,94.07,94.599998,93.91999799999999,94.489998,81.74073,1239000
2011-01-06,94.32,94.349998,92.879997,93.050003,80.49503299999999,1746900
2011-01-07,93.18,94.449997,93.040001,94.290001,81.567711,2237500
2011-01-10,93.360001,93.5,93.0,93.18,80.607483,2054400
2011-01-11,93.360001,93.489998,92.790001,93.300003,80.711288,1414200
2011-01-12,94.059998,94.110001,93.43,93.720001,81.07463100000001,1271500
2011-01-13,93.900002,93.989998,92.550003,92.900002,80.36525,1774600
2011-01-14,92.75,93.120003,92.190002,92.989998,80.443108,2014600
2011-01-18,93.07,93.849998,92.870003,93.440002,80.83240500000001,1144200
2011-01-19,93.510002,93.639999,92.08000200000001,92.279999,79.828903,1439700
2011-01-20,92.300003,92.5,91.07,91.18,78.87732700000001,1518900
2011-01-21,91.709999,92.150002,90.949997,91.040001,78.756233,1578200
2011-01-24,90.32,91.550003,90.040001,91.440002,79.102257,1302800
2011-01-25,91.08000200000001,91.309998,90.57,91.239998,78.92923,1876600
2011-01-26,91.260002,91.980003,90.529999,91.489998,79.145523,2221200
2011-01-27,91.139999,91.93,90.870003,91.910004,79.508865,1363500
2011-01-28,91.91999799999999,92.610001,90.610001,90.870003,78.609161,1505000
2011-01-31,91.010002,93.040001,91.010002,93.040001,80.486366,1834600
2011-02-01,93.459999,95.279999,93.43,95.279999,82.424133,1712200
2011-02-02,94.75,95.129997,94.18,95.019997,82.199203,1583500
2011-02-03,94.779999,95.059998,94.08000200000001,94.82,82.02619200000001,1393900
2011-02-04,94.900002,95.239998,94.379997,95.239998,82.389526,1574900
2011-02-07,95.349998,95.519997,94.720001,95.089996,82.25975,1234300
2011-02-08,95.300003,95.410004,94.58000200000001,95.18,82.337631,1095100
2011-02-09,94.809998,95.800003,94.620003,94.769997,81.982925,1002900
2011-02-10,94.599998,95.550003,94.440002,95.529999,82.640411,1767500
2011-02-11,95.379997,97.389999,95.019997,97.0,83.912033,1491600
2011-02-14,96.730003,97.400002,96.660004,96.790001,83.730408,1116000
2011-02-15,96.699997,97.099998,96.0,96.860001,83.79095500000001,1240600
2011-02-16,97.0,98.239998,96.910004,98.230003,84.976097,1940200
2011-02-17,97.199997,98.32,96.639999,98.32,85.053955,1673800
2011-02-18,98.43,99.150002,97.879997,99.089996,85.720055,1959700
2011-02-22,97.0,98.470001,96.449997,97.839996,84.638702,1841400
2011-02-23,97.660004,98.089996,95.800003,97.0,83.912033,1742500
2011-02-24,96.809998,97.58000200000001,96.230003,97.459999,84.30998199999999,2158200
2011-02-25,97.650002,99.08000200000001,97.5,98.300003,85.036644,1403600
2011-02-28,98.089996,99.379997,98.059998,99.379997,85.97093199999999,1397000
2011-03-01,99.779999,99.91999799999999,97.760002,97.779999,84.586815,1606400
2011-03-02,98.019997,98.82,97.370003,97.980003,84.759857,1657700
2011-03-03,98.559998,98.839996,97.889999,98.5,85.64672900000001,1654000
2011-03-04,98.510002,98.610001,97.309998,98.260002,85.43802600000001,1152500
2011-03-07,98.75,99.010002,96.540001,96.91999799999999,84.272911,1418100
2011-03-08,96.959999,97.980003,96.230003,97.75,84.994591,1247400
2011-03-09,97.639999,97.849998,96.349998,97.730003,84.977234,1283200
2011-03-10,96.730003,97.510002,95.790001,96.639999,84.029427,1518000
2011-03-11,96.43,99.010002,96.309998,97.980003,85.194588,1954900
2011-03-14,96.849998,98.610001,96.849998,98.150002,85.3424,1379200
2011-03-15,95.91999799999999,97.860001,95.660004,97.260002,84.568512,2482200
2011-03-16,96.900002,96.980003,94.480003,95.199997,82.777351,2072800
2011-03-17,96.309998,96.83000200000001,95.389999,96.480003,83.890327,1501500
2011-03-18,97.339996,98.489998,96.68,97.139999,84.46421099999999,1839500
2011-03-21,98.269997,98.540001,97.489998,97.93,85.151108,926600
2011-03-22,98.040001,98.290001,97.32,97.889999,85.116348,973300
2011-03-23,97.559998,99.059998,96.83000200000001,98.739998,85.855408,1315600
2011-03-24,99.190002,99.870003,98.800003,99.550003,86.559715,967600
2011-03-25,99.57,100.769997,99.379997,99.870003,86.837959,1266500
2011-03-28,100.099998,100.550003,99.360001,99.449997,86.472771,928300
2011-03-29,99.290001,101.160004,98.91999799999999,100.91999799999999,87.75095400000001,1481400
2011-03-30,101.540001,102.050003,100.209999,101.019997,87.837898,1451600
2011-03-31,100.900002,102.190002,100.809998,101.599998,88.342232,1164600
2011-04-01,101.989998,102.75,101.529999,101.980003,88.672638,901500
2011-04-04,101.910004,102.389999,101.720001,102.389999,89.02912099999999,768500
2011-04-05,102.199997,103.910004,101.660004,103.019997,89.576897,1134700
2011-04-06,103.290001,103.720001,101.940002,103.129997,89.672539,994800
2011-04-07,103.0,103.599998,101.779999,102.519997,89.142151,788500
2011-04-08,103.150002,103.349998,101.660004,102.290001,88.942184,778500
2011-04-11,102.33000200000001,102.68,101.160004,101.370003,88.142227,1138000
2011-04-12,100.720001,101.540001,100.199997,100.529999,87.411827,1558200
2011-04-13,101.019997,101.75,100.32,101.379997,88.150917,1408200
2011-04-14,100.489998,102.209999,99.980003,101.849998,88.559586,1660700
2011-04-15,101.970001,103.489998,101.800003,103.150002,89.689934,1557600
2011-04-18,102.110001,103.099998,101.599998,102.900002,89.47258000000001,1414800
2011-04-19,103.099998,105.949997,102.839996,105.839996,92.028931,2089800
2011-04-20,106.82,106.82,105.300003,106.230003,92.368042,2217600
2011-04-21,106.260002,106.529999,105.41999799999999,106.510002,92.611511,1078600
2011-04-25,107.379997,107.379997,106.339996,106.809998,92.872353,1112300
2011-04-26,107.160004,108.449997,106.800003,108.120003,94.011414,1696000
2011-04-27,107.82,107.82,103.190002,106.099998,92.25500500000001,2344300
2011-04-28,105.58000200000001,107.379997,105.279999,107.18,93.19407700000001,1677100
2011-04-29,107.5,107.5,105.839996,106.41999799999999,92.533249,1741300
2011-05-02,106.910004,107.239998,104.889999,105.41999799999999,91.66373399999999,1611600
2011-05-03,105.16999799999999,105.769997,104.5,104.970001,91.272469,1093400
2011-05-04,104.83000200000001,105.0,103.029999,103.300003,89.820366,1978000
2011-05-05,103.089996,104.629997,102.510002,102.900002,89.47258000000001,1530800
2011-05-06,103.980003,104.68,102.889999,103.599998,90.081215,1216100
2011-05-09,103.809998,104.83000200000001,103.43,104.41999799999999,90.794235,1351800
2011-05-10,104.75,105.639999,104.400002,105.160004,91.43766,1203000
2011-05-11,104.980003,105.199997,103.089996,103.58000200000001,90.063828,1526100
2011-05-12,103.199997,104.279999,102.470001,104.150002,90.55945600000001,1578100
2011-05-13,104.18,104.41999799999999,102.589996,102.849998,89.429085,960200
2011-05-16,102.540001,103.989998,102.389999,103.029999,89.585617,1152300
2011-05-17,102.650002,102.910004,101.709999,102.209999,88.87260400000001,1323600
2011-05-18,102.459999,104.57,101.970001,104.519997,90.88117199999999,1721300
2011-05-19,104.709999,105.540001,104.239998,105.059998,91.350708,1404000
2011-05-20,104.910004,105.110001,103.650002,104.470001,90.83770799999999,1481600
2011-05-23,103.209999,103.75,102.41999799999999,103.300003,89.820366,1067600
2011-05-24,103.66999799999999,104.440002,102.800003,103.010002,89.568237,921200
2011-05-25,102.650002,105.150002,102.41999799999999,104.58000200000001,90.933357,1267100
2011-05-26,104.269997,104.660004,103.389999,104.279999,90.672478,1065300
2011-05-27,104.58000200000001,105.489998,104.58000200000001,105.019997,91.315926,936900
2011-05-31,105.779999,106.230003,104.440002,105.839996,92.028931,1538400
2011-06-01,105.459999,105.970001,103.110001,103.389999,89.898636,2110000
2011-06-02,103.260002,104.029999,102.220001,103.150002,89.689934,1528600
2011-06-03,101.440002,101.779999,100.709999,100.860001,88.125938,1715400
2011-06-06,100.58000200000001,101.290001,100.040001,100.18,87.53179200000001,1803000
2011-06-07,100.470001,101.059998,100.050003,100.089996,87.453163,1413800
2011-06-08,99.75,100.33000200000001,99.550003,100.0,87.374512,1415800
2011-06-09,100.449997,102.33000200000001,100.220001,101.650002,88.8162,1060100
2011-06-10,101.220001,101.599998,99.900002,100.019997,87.391983,1483700
2011-06-13,100.519997,101.730003,100.029999,100.459999,87.776443,1236000
2011-06-14,101.639999,102.480003,101.260002,102.129997,89.235596,1280900
2011-06-15,101.129997,101.889999,99.889999,100.470001,87.785187,1387700
2011-06-16,100.599998,101.260002,99.760002,101.08000200000001,88.318169,1878400
2011-06-17,101.879997,102.360001,100.610001,101.059998,88.300697,1531500
2011-06-20,100.599998,102.639999,100.599998,102.120003,89.22686,920200
2011-06-21,102.650002,104.08000200000001,102.220001,103.809998,90.703491,999500
2011-06-22,103.209999,104.410004,102.889999,103.83000200000001,90.720963,1366400
2011-06-23,102.480003,103.610001,101.440002,103.510002,90.441376,1324100
2011-06-24,103.5,103.720001,102.510002,103.290001,90.249138,1061500
2011-06-27,103.57,104.050003,102.190002,103.83000200000001,90.720963,839100
2011-06-28,104.190002,106.150002,103.790001,106.099998,92.704353,1457900
2011-06-29,106.5,108.0,105.809998,107.980003,94.347008,3502200
2011-06-30,107.900002,108.510002,107.110001,108.389999,94.70523100000001,1763200
2011-07-01,108.260002,109.160004,107.190002,109.010002,95.24698599999999,1888500
2011-07-05,109.019997,109.459999,108.25,108.410004,94.72273299999999,1627600
2011-07-06,108.339996,109.650002,107.809998,109.440002,95.622665,1529400
2011-07-07,110.0,111.739998,109.949997,111.300003,97.24784100000001,1615200
2011-07-08,110.110001,110.889999,109.559998,110.470001,96.52262900000001,1604700
2011-07-11,109.269997,109.839996,108.0,108.360001,94.679039,1088800
2011-07-12,107.870003,109.110001,107.559998,107.720001,94.119865,1052800
2011-07-13,107.970001,108.220001,107.050003,107.300003,93.75286899999999,1387400
2011-07-14,107.300003,107.779999,105.720001,106.33000200000001,92.905334,1444600
2011-07-15,106.779999,107.260002,105.910004,107.029999,93.516953,1101600
2011-07-18,106.970001,107.0,105.43,105.860001,92.494652,922000
2011-07-19,106.470001,108.0,106.360001,106.730003,93.25482199999999,1589200
2011-07-20,106.849998,107.010002,106.010002,106.25,92.835442,1127800
2011-07-21,106.91999799999999,107.290001,106.32,107.190002,93.656769,1768200
2011-07-22,107.139999,107.209999,104.790001,105.110001,91.839378,2152000
2011-07-25,104.389999,105.910004,104.099998,105.099998,91.830605,1262300
2011-07-26,104.849998,104.989998,103.699997,103.91999799999999,90.799599,1258400
2011-07-27,103.230003,103.959999,101.620003,101.690002,88.851135,2006300
2011-07-28,101.739998,102.5,101.620003,102.16999799999999,89.270561,2073300
2011-07-29,101.260002,104.440002,100.849998,103.639999,90.554947,2715500
2011-08-01,103.980003,104.459999,101.5,102.510002,89.567619,1330300
2011-08-02,101.849998,102.610001,100.559998,100.57,87.872566,2573900
2011-08-03,100.800003,101.959999,99.779999,101.900002,89.03463,1734600
2011-08-04,100.769997,100.959999,97.540001,97.699997,85.364899,3810900
2011-08-05,99.32,99.449997,94.360001,96.339996,84.176598,2855900
2011-08-08,94.300003,95.910004,90.779999,91.360001,79.825356,3566000
2011-08-09,92.959999,94.550003,89.870003,94.43,82.507767,4194700
2011-08-10,93.220001,95.809998,92.32,92.379997,80.716583,3894300
2011-08-11,92.519997,98.57,92.300003,97.220001,84.945518,2722100
2011-08-12,97.83000200000001,99.5,96.480003,98.599998,86.151276,2036400
2011-08-15,99.150002,99.730003,97.980003,99.660004,87.077446,1804400
2011-08-16,98.559998,99.800003,97.800003,98.739998,86.27359799999999,1750000
2011-08-17,99.25,99.709999,98.089996,98.400002,85.97653199999999,1626800
2011-08-18,96.120003,96.300003,92.480003,93.43,81.63401,3442600
2011-08-19,91.879997,93.33000200000001,89.910004,90.160004,78.776871,4744200
2011-08-22,91.5,91.870003,88.639999,88.93,77.702187,2931000
2011-08-23,89.769997,92.099998,89.199997,91.769997,80.183601,2111800
2011-08-24,91.720001,92.949997,90.860001,92.449997,80.777748,4511600
2011-08-25,92.709999,93.510002,91.279999,92.470001,80.79523499999999,1959600
2011-08-26,91.889999,94.440002,89.93,94.389999,82.472824,1831600
2011-08-29,95.32,97.349998,95.32,97.33000200000001,85.04162600000001,2035600
2011-08-30,96.849998,98.910004,96.370003,98.230003,85.82800300000001,1632800
2011-08-31,99.150002,99.75,97.739998,98.489998,86.05516800000001,2134200
2011-09-01,98.550003,100.139999,97.879997,98.190002,85.793053,1541800
2011-09-02,96.620003,97.610001,95.660004,96.599998,84.83577,1681600
2011-09-06,95.940002,96.470001,93.760002,96.379997,84.64256999999999,1885200
2011-09-07,97.66999799999999,98.440002,97.050003,98.389999,86.407799,1587700
2011-09-08,97.93,98.779999,96.709999,97.029999,85.213417,1361800
2011-09-09,96.16999799999999,96.43,94.190002,94.720001,83.18474599999999,1633700
2011-09-12,93.879997,95.029999,92.489998,94.389999,82.89494300000001,1640600
2011-09-13,94.559998,95.980003,93.75,95.779999,84.115662,973700
2011-09-14,96.220001,99.41999799999999,94.599998,98.209999,86.24971,1909300
2011-09-15,99.199997,100.209999,98.010002,99.970001,87.795387,1233800
2011-09-16,100.57,100.870003,99.32,100.809998,88.533089,1824900
2011-09-19,98.889999,100.449997,97.839996,100.089996,87.900757,1506000
2011-09-20,100.32,102.32,98.940002,101.510002,89.147842,2626000
2011-09-21,101.349998,101.349998,96.970001,97.059998,85.239761,2355900
2011-09-22,94.260002,94.440002,92.660004,93.459999,82.078194,2972000
2011-09-23,92.849998,93.879997,91.870003,92.910004,81.595169,2219000
2011-09-26,93.370003,95.160004,92.0,95.08000200000001,83.500916,1821900
2011-09-27,97.260002,98.110001,95.889999,96.519997,84.765526,2332400
2011-09-28,97.019997,97.639999,94.059998,94.209999,82.736847,1195100
2011-09-29,95.769997,96.190002,93.730003,95.410004,83.79071,1301000
2011-09-30,94.269997,95.589996,93.089996,93.480003,82.095749,2214100
2011-10-03,92.790001,94.82,91.58000200000001,91.739998,80.567657,2466700
2011-10-04,90.300003,95.150002,89.75,94.949997,83.386719,3200000
2011-10-05,95.910004,98.639999,94.199997,98.290001,86.31998399999999,2632600
2011-10-06,97.82,99.07,97.18,98.730003,86.70639,2432500
2011-10-07,99.010002,99.290001,96.75,98.089996,86.144325,1807800
2011-10-10,99.870003,102.029999,99.690002,101.959999,89.54303,1443100
2011-10-11,101.0,101.699997,100.279999,100.860001,88.576988,1037300
2011-10-12,101.260002,102.849998,100.459999,101.620003,89.244446,1659000
2011-10-13,100.760002,101.400002,99.220001,101.040001,88.735069,1189100
2011-10-14,101.91999799999999,102.910004,101.199997,102.650002,90.14899399999999,1548000
2011-10-17,102.480003,102.480003,100.58000200000001,100.910004,88.620903,1336100
2011-10-18,100.699997,103.940002,99.800003,103.07,90.517853,2096900
2011-10-19,102.970001,103.0,100.360001,100.730003,88.462814,1698000
2011-10-20,100.709999,102.16999799999999,99.650002,101.550003,89.182968,1544900
2011-10-21,102.339996,103.510002,101.360001,103.5,90.895485,2105800
2011-10-24,103.5,103.889999,102.68,103.599998,90.983307,1572300
2011-10-25,103.150002,104.150002,101.519997,101.650002,89.270798,1573300
2011-10-26,100.949997,104.620003,100.110001,104.32,91.615616,2210000
2011-10-27,105.41999799999999,106.449997,103.309998,105.58000200000001,92.722183,3248000
2011-10-28,104.900002,106.019997,104.08000200000001,105.269997,92.449913,2166700
2011-10-31,104.059998,104.970001,101.610001,101.66999799999999,89.28834499999999,2158200
2011-11-01,99.510002,100.540001,97.860001,98.529999,86.530754,2139100
2011-11-02,99.410004,100.849998,99.040001,100.459999,88.225693,1715700
2011-11-03,101.690002,102.190002,100.199997,101.889999,89.48155200000001,1612700
2011-11-04,100.910004,101.120003,99.389999,100.459999,88.225693,1522800
2011-11-07,100.470001,101.129997,99.150002,101.029999,88.726288,1638000
2011-11-08,101.25,102.610001,100.349998,102.199997,89.753815,1216000
2011-11-09,99.68,100.019997,98.029999,98.300003,86.328743,2398700
2011-11-10,99.58000200000001,100.389999,98.58000200000001,99.839996,87.681206,1660600
2011-11-11,100.739998,102.480003,100.739998,101.489998,89.13028,1082500
2011-11-14,101.099998,101.5,99.940002,101.389999,89.042427,1032700
2011-11-15,100.989998,101.550003,99.889999,100.83000200000001,88.550652,1219200
2011-11-16,99.660004,100.33000200000001,98.279999,98.449997,86.46048,1562900
2011-11-17,98.160004,98.82,95.410004,96.730003,84.949951,2035300
2011-11-18,97.010002,97.660004,95.800003,97.0,85.187073,1385700
2011-11-21,95.480003,96.33000200000001,95.040001,95.940002,84.256157,1528100
2011-11-22,95.620003,96.910004,95.019997,95.339996,83.72921,1540500
2011-11-23,94.599998,94.889999,93.639999,93.949997,82.508514,1555600
2011-11-25,93.510002,94.970001,93.459999,93.510002,82.122101,686600
2011-11-28,95.75,98.260002,95.540001,97.199997,85.362709,1979100
2011-11-29,97.449997,97.760002,96.550003,96.809998,85.02020300000001,1769400
2011-11-30,99.980003,102.220001,99.790001,102.0,89.578156,1762900
2011-12-01,101.940002,102.809998,100.650002,100.849998,88.568207,1612000
2011-12-02,102.059998,102.07,100.190002,100.459999,88.225693,1301600
2011-12-05,100.989998,103.209999,100.379997,101.809998,89.85854300000001,2642000
2011-12-06,101.889999,102.940002,101.370003,102.440002,90.414574,1468200
2011-12-07,102.32,104.41999799999999,101.489998,103.900002,91.703209,1766400
2011-12-08,103.160004,103.959999,101.989998,102.82,90.749969,2361400
2011-12-09,102.550003,103.980003,102.050003,103.529999,91.37661,2138700
2011-12-12,102.309998,102.620003,101.150002,102.339996,90.326324,2031900
2011-12-13,102.870003,104.07,101.550003,102.120003,90.132126,1932600
2011-12-14,101.860001,102.550003,101.400002,101.879997,89.920311,2281900
2011-12-15,103.0,103.910004,101.980003,103.279999,91.155975,1296100
2011-12-16,104.440002,104.989998,102.66999799999999,103.769997,91.588448,2059300
2011-12-19,104.139999,104.879997,102.83000200000001,103.059998,90.961784,1365300
2011-12-20,104.589996,105.690002,104.559998,105.519997,93.133026,1614700
2011-12-21,105.839996,105.949997,103.940002,105.150002,92.806435,1356800
2011-12-22,105.290001,106.050003,104.809998,105.730003,93.318352,1681900
2011-12-23,105.660004,106.699997,105.5,106.589996,94.077423,932100
2011-12-27,106.470001,107.82,106.230003,107.290001,94.695229,710900
2011-12-28,107.41999799999999,107.650002,105.779999,106.040001,93.592003,1066700
2011-12-29,106.199997,107.290001,106.029999,107.139999,94.562851,930600
2011-12-30,107.279999,107.470001,106.83000200000001,106.900002,94.35100600000001,987400
2012-01-03,108.519997,109.050003,107.480003,107.849998,95.189491,1176100
2012-01-04,107.519997,109.209999,107.370003,108.989998,96.19567099999999,1023300
2012-01-05,108.360001,108.400002,107.410004,107.910004,95.24247,1744400
2012-01-06,107.779999,108.470001,107.08000200000001,107.959999,95.286575,801500
2012-01-09,108.150002,108.190002,106.809998,106.91999799999999,94.36869,1530200
2012-01-10,108.16999799999999,108.480003,107.269997,107.58000200000001,94.951202,1149700
2012-01-11,107.5,107.949997,106.860001,107.720001,95.074768,1072500
2012-01-12,108.160004,109.769997,108.0,109.529999,96.672287,1074300
2012-01-13,108.720001,108.889999,107.709999,108.540001,95.79849200000001,1055200
2012-01-17,109.970001,110.0,109.449997,109.83000200000001,96.937042,1362800
2012-01-18,109.610001,111.089996,109.190002,111.08000200000001,98.040337,1840900
2012-01-19,111.07,111.209999,109.949997,110.66999799999999,97.678459,1198300
2012-01-20,110.610001,110.720001,108.989998,109.32,96.486946,1595500
2012-01-23,109.529999,110.410004,109.110001,109.610001,96.742882,1036300
2012-01-24,108.589996,109.360001,107.739998,109.099998,96.29274699999999,1780800
2012-01-25,104.519997,106.459999,103.529999,106.07,93.618431,3680600
2012-01-26,106.150002,107.58000200000001,105.889999,106.449997,93.95384200000001,2197100
2012-01-27,106.25,107.010002,105.18,105.790001,93.371315,1251300
2012-01-30,105.07,106.449997,104.650002,106.389999,93.900902,967500
2012-01-31,106.779999,106.980003,105.589996,106.199997,93.733192,1189000
2012-02-01,106.690002,108.139999,106.519997,106.709999,94.183327,1455700
2012-02-02,107.019997,107.050003,105.68,105.690002,93.283066,1180300
2012-02-03,106.559998,108.25,106.379997,108.019997,95.339539,2298800
2012-02-06,107.389999,108.360001,107.389999,108.33000200000001,95.613159,1184700
2012-02-07,108.220001,108.91999799999999,107.410004,108.489998,95.754364,1366800
2012-02-08,108.349998,108.690002,107.66999799999999,108.33000200000001,95.613159,760800
2012-02-09,108.5,108.709999,107.440002,108.230003,95.524895,875600
2012-02-10,106.709999,107.379997,106.709999,107.160004,94.58049,1437800
2012-02-13,107.650002,107.760002,106.849998,107.18,94.59816,559000
2012-02-14,106.940002,107.269997,106.290001,107.269997,94.67759699999999,1045000
2012-02-15,107.75,108.0,107.160004,107.660004,95.021812,1110200
2012-02-16,107.540001,109.129997,107.089996,108.970001,96.178024,1048100
2012-02-17,109.370003,110.129997,109.300003,110.0,97.087097,1374800
2012-02-21,110.379997,110.400002,109.489998,110.0,97.087097,938800
2012-02-22,110.019997,110.360001,109.290001,109.66999799999999,96.795845,1153600
2012-02-23,109.75,110.150002,109.059998,110.050003,97.13125600000001,862100
2012-02-24,110.029999,110.209999,109.550003,109.889999,96.99002800000001,1034800
2012-02-27,109.0,110.290001,108.790001,109.910004,97.007675,897800
2012-02-28,109.989998,110.400002,109.389999,109.68,96.804672,1298700
2012-02-29,109.760002,110.089996,108.25,109.0,96.204498,1357700
2012-03-01,109.699997,110.0,108.82,109.800003,96.910606,1108700
2012-03-02,109.639999,110.0,109.33000200000001,109.699997,96.822327,1118200
2012-03-05,108.949997,108.949997,107.839996,108.41999799999999,96.174782,807200
2012-03-06,106.800003,107.639999,106.5,107.459999,95.323189,1830400
2012-03-07,108.309998,108.5,107.5,108.160004,95.94416,1038300
2012-03-08,109.230003,110.029999,108.940002,109.949997,97.531952,726600
2012-03-09,110.209999,110.5,109.41999799999999,109.68,97.292465,1091400
2012-03-12,110.230003,110.239998,109.43,110.010002,97.585197,758100
2012-03-13,110.07,111.199997,109.91999799999999,111.129997,98.57869000000001,746200
2012-03-14,111.199997,111.230003,110.019997,110.459999,97.98436,921000
2012-03-15,110.57,110.629997,109.769997,110.480003,98.002136,894400
2012-03-16,110.519997,111.370003,110.510002,110.720001,98.215012,1209000
2012-03-19,110.839996,111.82,110.610001,111.18,98.623047,849800
2012-03-20,110.129997,110.889999,109.870003,110.779999,98.26821899999999,780900
2012-03-21,110.690002,111.980003,110.68,111.720001,99.102058,1075100
2012-03-22,111.260002,111.279999,110.400002,110.860001,98.33918800000001,844100
2012-03-23,111.089996,112.559998,110.33000200000001,112.16999799999999,99.50123599999999,1223600
2012-03-26,113.099998,114.0,113.010002,113.989998,101.115669,1196500
2012-03-27,113.910004,114.889999,113.849998,114.559998,101.621315,1217300
2012-03-28,114.239998,114.349998,112.620003,113.739998,100.893929,1102100
2012-03-29,113.32,114.449997,113.050003,114.379997,101.461632,1100900
2012-03-30,114.870003,114.889999,114.110001,114.639999,101.692276,1152700
2012-04-02,114.58000200000001,115.32,114.379997,115.040001,102.047096,1468700
2012-04-03,115.029999,115.040001,114.199997,114.779999,101.81644399999999,1371100
2012-04-04,114.059998,114.209999,113.279999,113.730003,100.88503299999999,817800
2012-04-05,113.57,114.230003,113.459999,113.940002,101.07135,971200
2012-04-09,112.769997,113.150002,111.91999799999999,112.349998,99.660896,984800
2012-04-10,112.199997,112.279999,109.620003,109.650002,97.265854,1825500
2012-04-11,110.779999,111.839996,110.650002,111.370003,98.791588,1032100
2012-04-12,111.489998,113.800003,111.349998,113.620003,100.787483,1045800
2012-04-13,113.099998,113.239998,111.93,112.029999,99.377045,956300
2012-04-16,112.760002,113.489998,112.16999799999999,112.949997,100.193146,983000
2012-04-17,113.660004,114.889999,113.010002,114.25,101.346298,804700
2012-04-18,113.459999,114.459999,113.459999,113.980003,101.106812,859200
2012-04-19,114.120003,114.730003,113.32,113.82,100.96488199999999,976500
2012-04-20,114.08000200000001,114.290001,113.370003,113.690002,100.849579,1365600
2012-04-23,112.870003,112.870003,112.0,112.66999799999999,99.944763,1036200
2012-04-24,111.779999,112.93,110.980003,112.43,99.731873,1587900
2012-04-25,112.800003,114.660004,111.769997,113.769997,100.920525,1413500
2012-04-26,114.0,115.790001,113.690002,115.33000200000001,102.304344,1006400
2012-04-27,115.5,116.93,115.32,116.470001,103.315605,1355500
2012-04-30,116.190002,116.25,115.370003,115.699997,102.632561,741600
2012-05-01,115.870003,116.870003,115.349998,116.190002,103.067192,982600
2012-05-02,115.709999,116.610001,115.379997,116.440002,103.288986,711000
2012-05-03,116.620003,116.82,115.769997,116.18,103.05835,852600
2012-05-04,115.790001,115.980003,114.339996,114.720001,101.763245,734100
2012-05-07,114.599998,115.190002,114.25,114.730003,101.77211,1180600
2012-05-08,114.050003,114.5,112.730003,114.370003,101.452774,1365100
2012-05-09,113.260002,114.099998,112.25,112.269997,99.589951,1511500
2012-05-10,113.050003,113.25,111.529999,111.75,99.12867,2075600
2012-05-11,111.279999,112.099998,111.260002,111.68,99.066582,1458100
2012-05-14,110.809998,111.529999,109.93,110.400002,97.93115999999999,1013100
2012-05-15,110.269997,111.129997,109.589996,110.010002,97.585197,1122500
2012-05-16,110.279999,110.699997,109.25,109.370003,97.017487,1189600
2012-05-17,109.610001,109.650002,105.870003,105.870003,93.912773,2515800
2012-05-18,106.160004,106.769997,104.860001,105.110001,93.238632,2002800
2012-05-21,105.349998,108.650002,105.199997,108.379997,96.13929,1781500
2012-05-22,108.980003,108.980003,107.139999,107.68,95.518341,1151800
2012-05-23,106.989998,108.620003,106.290001,108.349998,96.112679,1318700
2012-05-24,108.41999799999999,109.300003,107.559998,108.779999,96.494118,1683800
2012-05-25,108.639999,109.199997,107.360001,107.870003,95.68689,878800
2012-05-29,108.739998,109.589996,108.059998,109.389999,97.03520999999999,1174400
2012-05-30,108.209999,108.550003,106.07,106.260002,94.258736,1447200
2012-05-31,106.5,107.010002,104.860001,106.239998,94.24098199999999,1459300
2012-06-01,103.470001,104.620003,103.389999,103.510002,91.819313,1448400
2012-06-04,103.5,104.209999,102.519997,103.980003,92.236237,1432800
2012-06-05,103.43,103.43,101.91999799999999,102.089996,91.041252,1725200
2012-06-06,103.389999,104.190002,102.889999,104.190002,92.913979,1440000
2012-06-07,104.639999,106.129997,103.940002,104.66999799999999,93.342056,870000
2012-06-08,105.41999799999999,106.019997,103.900002,105.910004,94.447838,1437200
2012-06-11,106.83000200000001,107.0,104.83000200000001,104.940002,93.582832,840200
2012-06-12,105.25,106.629997,104.82,106.550003,95.018562,927500
2012-06-13,106.089996,106.089996,104.290001,104.66999799999999,93.342056,908600
2012-06-14,104.910004,105.410004,103.989998,104.529999,93.217201,1042200
2012-06-15,104.889999,106.010002,104.790001,105.58000200000001,94.153549,1160700
2012-06-18,105.220001,106.480003,104.809998,105.91999799999999,94.456757,798000
2012-06-19,106.93,108.610001,106.730003,108.150002,96.44540400000001,1216000
2012-06-20,108.18,108.779999,106.870003,107.360001,95.740921,1032700
2012-06-21,107.720001,107.970001,104.800003,104.879997,93.529312,1101000
2012-06-22,105.339996,105.900002,104.870003,105.360001,93.957359,1261000
2012-06-25,103.599998,104.650002,103.099998,104.040001,92.78022800000001,1028100
2012-06-26,104.099998,104.91999799999999,103.83000200000001,104.410004,93.110184,729800
2012-06-27,104.82,105.32,103.660004,104.129997,92.860474,733000
2012-06-28,103.379997,105.410004,103.339996,105.339996,93.939522,999400
2012-06-29,106.860001,108.75,106.860001,108.730003,96.962662,1161000
2012-07-02,108.900002,108.900002,106.82,108.339996,96.614838,903100
2012-07-03,108.07,109.849998,107.660004,109.620003,97.75631700000001,648600
2012-07-05,109.370003,110.279999,108.809998,109.779999,97.899002,930700
2012-07-06,108.410004,109.279999,108.029999,109.010002,97.212334,763500
2012-07-09,108.809998,109.589996,108.410004,109.050003,97.248016,851200
2012-07-10,109.559998,110.019997,107.160004,107.660004,96.008453,882400
2012-07-11,107.519997,107.860001,106.32,107.360001,95.740921,994600
2012-07-12,106.510002,106.720001,105.300003,105.860001,94.403252,1148600
2012-07-13,106.059998,107.449997,106.059998,107.360001,95.740921,810700
2012-07-16,107.290001,107.41999799999999,105.949997,107.099998,95.509064,886400
2012-07-17,107.269997,108.860001,107.08000200000001,108.620003,96.864548,769800
2012-07-18,108.309998,109.209999,107.839996,108.650002,96.891289,839400
2012-07-19,108.720001,109.25,107.879997,109.120003,97.31044,699200
2012-07-20,109.889999,109.889999,107.360001,107.529999,95.89250899999999,1252300
2012-07-23,105.860001,106.629997,105.25,106.279999,94.77778599999999,838500
2012-07-24,106.41999799999999,107.129997,104.0,104.809998,93.46689599999999,1268100
2012-07-25,103.91999799999999,104.720001,100.0,102.940002,91.799286,2344700
2012-07-26,104.68,105.730003,103.940002,104.480003,93.172607,1380400
2012-07-27,105.160004,106.660004,104.57,106.0,94.528091,1068100
2012-07-30,105.720001,105.870003,104.910004,105.410004,94.001953,1123600
2012-07-31,105.470001,105.529999,103.709999,103.760002,92.530525,1370000
2012-08-01,103.949997,104.470001,103.260002,103.980003,92.72672299999999,1525200
2012-08-02,102.860001,103.629997,102.660004,103.07,91.915215,2304000
2012-08-03,105.029999,105.870003,104.120003,105.779999,94.33189399999999,1084900
2012-08-06,105.949997,105.949997,104.970001,105.050003,93.680908,1270800
2012-08-07,105.33000200000001,107.139999,104.800003,107.040001,95.45554399999999,1024900
2012-08-08,106.339996,108.18,106.239998,107.980003,96.29383100000001,976100
2012-08-09,108.0,108.529999,107.540001,107.970001,96.284897,772100
2012-08-10,107.379997,108.209999,107.16999799999999,108.160004,96.45433,608900
2012-08-13,107.91999799999999,108.0,106.82,107.699997,96.044113,651300
2012-08-14,108.08000200000001,108.08000200000001,107.120003,107.300003,95.687416,485700
2012-08-15,107.129997,108.150002,107.07,107.970001,96.284897,541000
2012-08-16,107.849998,109.0,107.68,108.699997,96.93589,810600
2012-08-17,108.959999,108.980003,107.610001,107.709999,96.053055,936800
2012-08-20,107.57,108.540001,107.33000200000001,108.470001,96.730789,744200
2012-08-21,108.559998,108.879997,107.610001,108.029999,96.338394,884100
2012-08-22,107.760002,109.589996,107.290001,109.550003,97.69388599999999,1268100
2012-08-23,109.08000200000001,109.279999,107.459999,107.610001,95.963837,1304400
2012-08-24,107.050003,107.489998,106.769997,107.120003,95.526894,802200
2012-08-27,107.190002,107.25,105.730003,105.910004,94.447838,989600
2012-08-28,105.58000200000001,105.58000200000001,104.370003,104.599998,93.27960999999999,1556200
2012-08-29,104.91999799999999,105.16999799999999,104.410004,105.129997,93.752258,1439300
2012-08-30,104.720001,105.129997,104.440002,104.82,93.47580699999999,743800
2012-08-31,105.449997,105.720001,104.83000200000001,105.5,94.082222,781000
2012-09-04,105.260002,105.690002,103.75,104.230003,92.94963800000001,1110200
2012-09-05,103.699997,104.790001,103.699997,104.43,93.622047,811200
2012-09-06,105.32,106.82,105.220001,106.559998,95.531586,848600
2012-09-07,107.0,107.849998,106.389999,107.019997,95.944,1105100
2012-09-10,106.970001,107.760002,106.720001,106.790001,95.737778,823400
2012-09-11,106.809998,107.589996,106.529999,106.58000200000001,95.54953,866400
2012-09-12,106.809998,106.949997,105.790001,105.989998,95.020607,1054100
2012-09-13,106.059998,107.16999799999999,105.400002,106.529999,95.504715,1317400
2012-09-14,106.91999799999999,107.959999,106.379997,107.940002,96.768761,1415900
2012-09-17,107.58000200000001,108.559998,107.440002,107.959999,96.786697,914800
2012-09-18,107.879997,108.300003,107.230003,108.269997,97.06460600000001,960500
2012-09-19,108.370003,108.629997,107.489998,108.400002,97.181168,801000
2012-09-20,107.75,108.57,107.519997,108.550003,97.31564300000001,679400
2012-09-21,109.139999,109.410004,107.75,107.809998,96.652206,1537600
2012-09-24,108.089996,108.699997,106.93,107.050003,95.970886,854100
2012-09-25,107.339996,108.110001,106.290001,106.300003,95.29849200000001,978800
2012-09-26,106.43,106.480003,103.739998,103.849998,93.10206600000001,1853900
2012-09-27,104.300003,104.730003,103.599998,104.43,93.622047,1136900
2012-09-28,104.129997,104.410004,103.290001,103.879997,93.128952,1707100
2012-10-01,104.230003,104.91999799999999,103.82,104.010002,93.245506,1189800
2012-10-02,104.150002,104.599998,103.129997,103.790001,93.04827900000001,1248400
2012-10-03,103.769997,104.940002,103.239998,104.510002,93.693748,999000
2012-10-04,105.0,105.589996,104.32,105.360001,94.455772,768900
2012-10-05,106.089996,106.389999,105.540001,105.610001,94.679916,818800
2012-10-08,105.129997,105.989998,104.690002,105.650002,94.715767,516900
2012-10-09,105.629997,106.040001,105.300003,105.309998,94.410973,941200
2012-10-10,105.379997,105.379997,103.66999799999999,103.849998,93.10206600000001,1184200
2012-10-11,104.82,105.08000200000001,103.68,103.699997,92.96758299999999,1167600
2012-10-12,104.010002,104.779999,103.589996,103.870003,93.120003,1007300
2012-10-15,103.889999,105.290001,103.809998,104.879997,94.025467,842200
2012-10-16,105.5,107.029999,105.389999,106.58000200000001,95.54953,761400
2012-10-17,107.08000200000001,108.230003,106.860001,108.220001,97.019791,1015700
2012-10-18,107.93,108.389999,107.290001,107.970001,96.79567,919800
2012-10-19,106.809998,107.309998,104.870003,104.879997,94.025467,1690500
2012-10-22,104.68,105.360001,104.0,105.260002,94.36615,1211600
2012-10-23,104.040001,105.82,103.309998,104.949997,94.088219,1514400
2012-10-24,104.040001,105.5,102.790001,104.589996,93.765472,1736400
2012-10-25,105.199997,105.599998,104.150002,104.779999,93.93581400000001,976800
2012-10-26,104.650002,105.68,103.949997,105.300003,94.401993,812300
2012-10-31,105.690002,107.150002,104.730003,106.209999,95.21781899999999,1602300
2012-11-01,106.160004,108.650002,105.809998,108.489998,97.261841,1691900
2012-11-02,108.910004,110.139999,108.239998,109.699997,98.34661899999999,2033100
2012-11-05,109.370003,109.550003,107.790001,109.470001,98.140434,1662800
2012-11-06,109.779999,110.91999799999999,109.199997,110.0,98.61556999999999,1123100
2012-11-07,108.949997,109.629997,108.370003,109.059998,97.77285,987100
2012-11-08,109.150002,109.739998,107.93,107.980003,96.804626,966300
2012-11-09,107.610001,108.459999,107.150002,107.400002,96.28466800000001,1144400
2012-11-12,107.559998,107.910004,107.059998,107.43,96.31154599999999,532000
2012-11-13,107.18,108.110001,106.589996,107.230003,96.13224,752800
2012-11-14,107.129997,107.300003,105.66999799999999,106.209999,95.21781899999999,1384500
2012-11-15,106.110001,106.32,104.849998,105.529999,94.60820799999999,1194700
2012-11-16,105.699997,105.790001,104.279999,104.290001,93.49653599999999,2414400
2012-11-19,105.08000200000001,105.910004,104.66999799999999,105.650002,94.715767,1306000
2012-11-20,105.459999,106.129997,105.0,105.559998,94.63507800000001,1010000
2012-11-21,105.599998,105.839996,105.0,105.18,94.294403,1184400
2012-11-23,105.610001,106.93,105.269997,106.93,95.863304,691300
2012-11-26,106.279999,106.709999,105.5,106.709999,95.666077,920900
2012-11-27,106.32,107.129997,105.0,106.309998,95.30746500000001,1209900
2012-11-28,105.410004,106.599998,105.160004,106.559998,95.531586,767900
2012-11-29,106.860001,107.230003,105.83000200000001,106.110001,95.128159,922700
2012-11-30,106.290001,107.43,106.08000200000001,107.209999,96.114326,1028000
2012-12-03,107.690002,107.720001,105.040001,105.370003,94.464752,1033200
2012-12-04,105.379997,106.120003,104.980003,105.709999,94.76956899999999,1102900
2012-12-05,105.519997,106.57,105.08000200000001,105.93,95.46347800000001,965100
2012-12-06,105.940002,106.32,105.470001,106.290001,95.78789499999999,730100
2012-12-07,106.510002,107.370003,105.860001,107.309998,96.707123,802900
2012-12-10,107.400002,107.940002,107.120003,107.839996,97.18476899999999,1051800
2012-12-11,108.040001,108.839996,107.449997,107.980003,97.310936,737100
2012-12-12,108.260002,108.5,106.360001,106.629997,96.094307,1311100
2012-12-13,106.690002,108.120003,106.360001,107.480003,96.86032900000001,1284900
2012-12-14,107.290001,108.129997,106.870003,106.959999,96.391708,855200
2012-12-17,107.18,108.040001,107.099998,107.720001,97.076607,870500
2012-12-18,107.889999,109.57,107.489998,109.519997,98.698761,1282300
2012-12-19,109.75,109.980003,108.360001,108.400002,97.68944499999999,1122800
2012-12-20,108.769997,109.489998,107.75,109.459999,98.644684,959800
2012-12-21,108.629997,109.540001,108.360001,108.660004,97.923737,1858500
2012-12-24,107.75,110.0,107.540001,109.739998,98.89703399999999,459000
2012-12-26,110.0,110.690002,109.25,110.089996,99.21244,1024900
2012-12-27,110.25,110.25,107.980003,109.58000200000001,98.75284599999999,774300
2012-12-28,109.019997,109.190002,107.75,107.900002,97.238838,795900
2012-12-31,107.790001,109.449997,107.709999,109.449997,98.635681,795900
2013-01-02,110.940002,112.58000200000001,110.900002,112.58000200000001,101.456413,1088100
2013-01-03,112.68,113.459999,112.139999,112.58000200000001,101.456413,971200
2013-01-04,112.91999799999999,113.739998,112.720001,113.339996,102.141319,771700
2013-01-07,112.690002,113.339996,112.370003,113.089996,101.916023,874500
2013-01-08,113.120003,113.91999799999999,112.57,113.879997,102.62796,860900
2013-01-09,114.150002,114.160004,113.019997,113.870003,102.61895,882500
2013-01-10,114.300003,114.58000200000001,113.41999799999999,114.18,102.898331,973300
2013-01-11,113.739998,114.639999,113.519997,114.0,102.736122,562300
2013-01-14,113.889999,114.57,113.550003,114.099998,102.826225,581000
2013-01-15,113.599998,114.260002,113.410004,113.809998,102.564888,645400
2013-01-16,113.0,113.0,111.959999,112.57,101.44740300000001,862600
2013-01-17,113.260002,114.08000200000001,113.16999799999999,113.230003,102.042198,1012900
2013-01-18,113.370003,113.660004,111.849998,113.519997,102.303535,2631400
2013-01-22,112.91999799999999,114.25,112.91999799999999,114.019997,102.754143,1410100
2013-01-23,112.550003,112.550003,109.410004,110.769997,99.825272,3016100
2013-01-24,111.32,112.360001,110.489998,111.120003,100.14067800000001,1137600
2013-01-25,111.410004,112.0,110.889999,111.730003,100.690414,1067600
2013-01-28,111.910004,111.910004,109.730003,109.980003,99.11331899999999,1069700
2013-01-29,110.120003,110.769997,109.980003,110.550003,99.62700699999999,1532400
2013-01-30,110.5,110.709999,109.589996,109.940002,99.077263,1333800
2013-01-31,109.510002,110.610001,109.379997,110.370003,99.464798,1523800
2013-02-01,111.0,111.809998,110.089996,111.589996,100.564247,1103900
2013-02-04,110.43,110.980003,110.099998,110.18,99.293571,838500
2013-02-05,110.779999,111.809998,110.5,110.58000200000001,99.654037,923700
2013-02-06,110.309998,110.959999,110.160004,110.790001,99.843292,800400
2013-02-07,110.480003,111.08000200000001,109.639999,110.43,99.518852,607900
2013-02-08,110.599998,111.650002,110.510002,111.610001,100.582268,695600
2013-02-11,111.400002,111.879997,110.82,110.989998,100.02352900000001,705800
2013-02-12,111.07,111.339996,110.32,110.980003,100.014511,893800
2013-02-13,111.309998,111.91999799999999,110.989998,111.769997,100.72644,744100
2013-02-14,111.309998,111.559998,110.800003,111.209999,100.221779,1304000
2013-02-15,110.760002,111.480003,109.529999,110.150002,99.266533,2092500
2013-02-19,110.980003,110.980003,110.160004,110.739998,99.798225,1094700
2013-02-20,110.699997,111.559998,109.769997,110.379997,99.473801,1960900
2013-02-21,109.730003,110.849998,109.08000200000001,109.959999,99.095291,2355300
2013-02-22,110.279999,111.279999,109.949997,111.16999799999999,100.185745,1273000
2013-02-25,111.760002,112.199997,109.489998,109.540001,98.716789,1701800
2013-02-26,110.040001,111.059998,110.040001,110.58000200000001,99.654037,1645800
2013-02-27,110.43,112.709999,110.220001,112.220001,101.13200400000001,884200
2013-02-28,112.230003,113.529999,112.089996,113.050003,101.879982,1164400
2013-03-01,112.870003,113.860001,111.800003,113.510002,102.29454,1051000
2013-03-04,113.059998,113.18,112.059998,112.900002,101.74481999999999,1126100
2013-03-05,112.900002,114.529999,112.900002,113.410004,102.75045,945400
2013-03-06,113.900002,114.089996,112.800003,112.900002,102.28840600000001,1015600
2013-03-07,112.860001,113.260002,112.370003,112.66999799999999,102.08000899999999,999900
2013-03-08,113.33000200000001,113.910004,112.83000200000001,113.639999,102.958855,1098700
2013-03-11,113.349998,113.599998,112.720001,113.440002,102.777641,953600
2013-03-12,113.449997,114.0,112.449997,112.91999799999999,102.306534,1253900
2013-03-13,112.889999,113.010002,111.769997,112.769997,102.170609,944400
2013-03-14,113.150002,113.620003,112.839996,113.599998,102.92261500000001,973700
2013-03-15,113.08000200000001,113.989998,112.779999,113.540001,102.868248,1391600
2013-03-18,112.519997,113.260002,112.370003,112.989998,102.369957,1011900
2013-03-19,113.089996,113.650002,112.449997,113.480003,102.813889,1390800
2013-03-20,113.970001,114.120003,113.480003,113.639999,102.958855,877100
2013-03-21,111.699997,112.66999799999999,111.230003,111.269997,100.8116,1567100
2013-03-22,111.269997,112.050003,110.980003,111.589996,101.10153199999999,773800
2013-03-25,112.400002,112.400002,111.07,112.139999,101.599838,1253000
2013-03-26,112.5,113.0,111.800003,112.099998,101.56360600000001,740700
2013-03-27,111.599998,111.610001,110.58000200000001,111.339996,100.875023,912600
2013-03-28,111.540001,111.959999,111.110001,111.540001,101.056229,1914700
2013-04-01,111.82,111.970001,110.790001,111.08000200000001,100.639465,1215800
2013-04-02,111.440002,111.510002,110.639999,111.0,100.566994,1074500
2013-04-03,110.860001,111.839996,110.040001,110.309998,99.941833,1416400
2013-04-04,110.690002,111.989998,110.389999,111.260002,100.802536,930600
2013-04-05,110.110001,111.029999,109.910004,110.980003,100.54888199999999,773700
2013-04-08,111.010002,111.559998,110.349998,111.540001,101.056229,601500
2013-04-09,111.889999,112.190002,111.050003,111.360001,100.89315,1007600
2013-04-10,111.730003,113.0,111.43,112.970001,102.351822,1312800
2013-04-11,112.980003,113.370003,112.220001,112.349998,101.790092,1677100
2013-04-12,111.980003,112.68,110.800003,111.0,100.566994,1129600
2013-04-15,109.970001,110.57,107.690002,107.690002,97.568108,1757800
2013-04-16,108.389999,110.230003,108.220001,110.129997,99.77877,1167900
2013-04-17,109.459999,110.470001,109.209999,110.230003,99.869377,1529400
2013-04-18,110.57,110.75,109.449997,109.779999,99.461685,1664000
2013-04-19,110.32,110.550003,109.190002,109.75,99.434471,1815200
2013-04-22,109.970001,110.230003,109.410004,109.75,99.434471,1465300
2013-04-23,109.879997,110.75,108.300003,109.610001,99.30764,1764700
2013-04-24,110.709999,113.870003,110.379997,112.769997,102.170609,2089500
2013-04-25,112.989998,113.349998,112.16999799999999,112.82,102.215919,1271200
2013-04-26,112.760002,113.16999799999999,112.510002,112.730003,102.134384,1058300
2013-04-29,112.980003,114.5,112.559998,114.379997,103.62930300000001,839100
2013-04-30,114.08000200000001,114.66999799999999,113.68,114.300003,103.556816,1842000
2013-05-01,114.110001,114.389999,112.860001,113.18,102.542107,1423500
2013-05-02,113.279999,113.910004,112.660004,113.459999,102.79576899999999,1141000
2013-05-03,114.610001,115.5,114.379997,114.690002,103.910156,1257800
2013-05-06,115.0,115.0,113.599998,113.660004,102.97698199999999,941200
2013-05-07,114.099998,114.58000200000001,113.480003,114.08000200000001,103.35749799999999,1525700
2013-05-08,113.949997,114.290001,113.300003,113.889999,103.185349,1118400
2013-05-09,113.620003,114.290001,113.480003,114.230003,103.493401,1382600
2013-05-10,114.33000200000001,114.58000200000001,113.489998,114.0,103.285027,1123600
2013-05-13,113.989998,114.029999,113.010002,113.110001,102.478691,660900
2013-05-14,113.16999799999999,114.300003,113.16999799999999,114.279999,103.538696,884200
2013-05-15,114.309998,115.139999,113.800003,115.120003,104.299759,880100
2013-05-16,115.0,115.0,113.949997,114.0,103.285027,1238600
2013-05-17,114.25,116.279999,114.150002,116.199997,105.278236,1292700
2013-05-20,115.959999,116.199997,115.139999,115.769997,104.88864099999999,1119300
2013-05-21,116.0,116.449997,115.470001,115.910004,105.01550300000001,1129800
2013-05-22,115.849998,116.900002,115.309998,115.699997,104.825226,865100
2013-05-23,114.66999799999999,115.989998,114.360001,115.800003,104.91581699999999,831100
2013-05-24,115.389999,116.239998,114.720001,115.959999,105.060799,860800
2013-05-28,116.900002,116.900002,115.959999,116.220001,105.29636399999998,812000
2013-05-29,115.75,116.139999,115.010002,115.529999,104.671211,570000
2013-05-30,115.769997,116.0,115.16999799999999,115.309998,104.47189300000001,853000
2013-05-31,114.959999,116.110001,114.33000200000001,114.33000200000001,103.583984,1076400
2013-06-03,114.529999,115.510002,114.300003,115.510002,104.653091,805100
2013-06-04,115.300003,116.790001,115.199997,116.660004,105.694992,1152900
2013-06-05,116.040001,116.800003,114.989998,115.0,104.729668,1895100
2013-06-06,114.849998,115.860001,113.519997,114.160004,103.964706,1500300
2013-06-07,114.41999799999999,115.089996,112.989998,114.209999,104.010223,1855000
2013-06-10,114.529999,115.629997,114.099998,114.83000200000001,104.574852,1158400
2013-06-11,113.730003,115.349998,113.309998,114.07,103.88272099999999,1073500
2013-06-12,115.650002,115.839996,114.860001,114.980003,104.711464,1238600
2013-06-13,114.650002,116.889999,113.889999,116.690002,106.268753,1362200
2013-06-14,116.82,118.309998,115.739998,117.910004,107.379776,1800600
2013-06-17,118.730003,119.269997,117.849998,118.449997,107.871567,1538700
2013-06-18,118.68,119.16999799999999,118.089996,119.010002,108.381546,961600
2013-06-19,118.970001,120.160004,118.970001,119.519997,108.846001,1743800
2013-06-20,118.33000200000001,119.18,116.010002,116.360001,105.968193,1306400
2013-06-21,116.849998,117.059998,114.550003,115.260002,104.96643799999998,2331700
2013-06-24,113.050003,114.699997,112.779999,114.099998,103.910049,1372700
2013-06-25,114.889999,114.989998,113.82,114.389999,104.174149,1106000
2013-06-26,115.58000200000001,116.050003,114.720001,115.940002,105.585724,1478300
2013-06-27,116.389999,116.440002,114.589996,114.889999,104.629494,1363200
2013-06-28,115.0,115.769997,113.949997,115.160004,104.875374,1847000
2013-07-01,116.099998,117.959999,115.43,116.730003,106.305168,1071000
2013-07-02,116.489998,116.550003,114.550003,114.699997,104.456459,1747000
2013-07-03,113.41999799999999,114.959999,113.199997,114.769997,104.520195,655600
2013-07-05,115.650002,115.75,114.68,115.690002,105.35803999999999,900600
2013-07-08,116.300003,116.300003,115.599998,115.739998,105.40358700000002,1186800
2013-07-09,116.5,117.779999,116.25,117.589996,107.088356,1501500
2013-07-10,117.510002,117.68,116.18,117.160004,106.69677,1394000
2013-07-11,118.139999,118.610001,117.360001,117.389999,106.906227,1255500
2013-07-12,117.57,117.949997,116.970001,117.089996,106.633003,1249400
2013-07-15,117.089996,117.43,116.459999,116.470001,106.068375,1379000
2013-07-16,116.540001,116.989998,115.43,116.029999,105.667686,1404600
2013-07-17,116.510002,116.91999799999999,115.760002,116.459999,106.05928,1486500
2013-07-18,116.66999799999999,117.099998,116.059998,116.699997,106.277824,1035900
2013-07-19,116.809998,117.339996,116.139999,117.139999,106.67855800000001,1252400
2013-07-22,117.16999799999999,117.790001,116.620003,117.010002,106.560181,1088900
2013-07-23,116.559998,117.769997,116.559998,117.0,106.551033,1179800
2013-07-24,117.699997,119.410004,117.089996,118.059998,107.51638799999999,1985500
2013-07-25,117.760002,119.389999,117.230003,119.199997,108.554581,2371800
2013-07-26,118.75,119.290001,117.889999,119.0,108.372437,1966100
2013-07-29,118.91999799999999,119.620003,118.16999799999999,119.459999,108.791351,1491100
2013-07-30,119.150002,121.040001,118.910004,120.68,109.902397,1872200
2013-07-31,121.449997,121.82,120.019997,120.16999799999999,109.43794299999999,2009100
2013-08-01,121.620003,121.860001,119.720001,120.040001,109.319565,1370800
2013-08-02,119.809998,120.470001,119.370003,120.309998,109.56543700000002,1232400
2013-08-05,120.309998,120.410004,119.550003,120.099998,109.374199,759900
2013-08-06,120.129997,121.07,119.519997,120.480003,109.72026100000001,1152200
2013-08-07,120.150002,120.760002,120.010002,120.349998,109.601868,1326200
2013-08-08,120.949997,121.769997,120.91999799999999,121.309998,110.47613500000001,913200
2013-08-09,121.059998,121.860001,120.720001,121.059998,110.248466,648400
2013-08-12,120.290001,120.769997,119.620003,119.82,109.119194,959100
2013-08-13,120.129997,120.660004,119.91999799999999,120.269997,109.52901499999999,919300
2013-08-14,120.209999,120.529999,119.099998,119.230003,108.58189399999999,703400
2013-08-15,118.489998,118.83000200000001,117.66999799999999,118.239998,107.68031299999998,883600
2013-08-16,117.959999,118.360001,117.480003,117.889999,107.361572,1240800
2013-08-19,117.540001,117.989998,117.120003,117.239998,106.76963,1004600
2013-08-20,117.300003,117.82,116.68,117.470001,106.97908799999999,748500
2013-08-21,117.400002,118.540001,117.230003,117.519997,107.024612,1120200
2013-08-22,117.57,118.66999799999999,116.970001,118.209999,107.65298500000002,1131400
2013-08-23,118.309998,118.849998,117.440002,118.709999,108.10833000000001,608700
2013-08-26,119.0,119.68,117.849998,117.940002,107.407097,763200
2013-08-27,117.25,117.510002,116.519997,116.83000200000001,106.39623999999999,850200
2013-08-28,116.650002,116.690002,115.790001,116.410004,106.013756,753000
2013-08-29,116.120003,116.779999,115.889999,116.25,105.868027,848400
2013-08-30,116.5,117.599998,116.43,117.400002,106.915329,1211700
2013-09-03,118.760002,118.91999799999999,117.190002,117.470001,106.97908799999999,824800
2013-09-04,117.239998,118.029999,116.379997,117.790001,107.82122,700700
2013-09-05,117.849998,118.470001,117.57,117.91999799999999,107.940224,639300
2013-09-06,118.25,119.209999,117.699997,118.110001,108.11413600000002,986600
2013-09-09,118.18,119.25,118.18,119.25,109.157646,776500
2013-09-10,119.730003,120.910004,119.470001,119.93,109.780106,898500
2013-09-11,119.989998,121.339996,119.519997,121.099998,110.851082,758000
2013-09-12,120.699997,120.940002,120.059998,120.239998,110.06386599999999,655200
2013-09-13,120.370003,121.0,119.93,120.470001,110.274414,649300
2013-09-16,121.480003,122.480003,121.260002,122.209999,111.867149,971900
2013-09-17,122.459999,122.459999,121.07,121.389999,111.11653100000001,977900
2013-09-18,121.449997,123.769997,121.010002,123.730003,113.25851399999999,1574500
2013-09-19,123.870003,124.410004,122.480003,122.779999,112.388901,1083800
2013-09-20,122.779999,123.760002,121.730003,121.730003,111.427765,1730000
2013-09-23,121.199997,122.059998,120.599998,120.849998,110.62224599999999,1251900
2013-09-24,120.58000200000001,121.0,120.0,120.510002,110.311035,1189400
2013-09-25,120.739998,121.0,119.309998,119.519997,109.404785,2020800
2013-09-26,119.879997,120.760002,119.589996,120.190002,110.01812,1368000
2013-09-27,120.230003,120.66999799999999,119.730003,119.860001,109.71601899999999,871900
2013-09-30,119.41999799999999,120.220001,118.620003,120.209999,110.03641499999999,1270000
2013-10-01,119.879997,120.970001,119.269997,120.83000200000001,110.603951,905000
2013-10-02,120.440002,121.480003,119.839996,121.43,111.15316000000001,895800
2013-10-03,120.940002,121.07,119.720001,120.099998,109.93570700000001,797100
2013-10-04,120.010002,121.599998,119.860001,121.410004,111.13485,659200
2013-10-07,120.25,120.690002,119.760002,119.779999,109.642799,627700
2013-10-08,119.650002,119.650002,117.699997,117.75,107.784599,781700
2013-10-09,118.5,119.269997,117.540001,119.019997,108.94711299999999,1023100
2013-10-10,119.989998,121.349998,119.970001,121.309998,111.04331200000001,704400
2013-10-11,121.400002,121.860001,120.220001,121.709999,111.409462,590200
2013-10-14,121.230003,122.360001,121.0,122.25,111.90376299999998,445300
2013-10-15,122.029999,122.66999799999999,120.980003,121.099998,110.851082,525800
2013-10-16,121.660004,123.199997,121.660004,123.16999799999999,112.74589499999999,769700
2013-10-17,122.519997,124.470001,122.510002,124.400002,113.87181100000001,700700
2013-10-18,124.629997,125.0,124.010002,124.940002,114.366096,763400
2013-10-21,125.0,125.0,124.019997,124.790001,114.228798,595600
2013-10-22,125.0,125.940002,124.720001,125.809998,115.16246799999999,963300
2013-10-23,125.660004,125.660004,123.650002,123.83000200000001,113.350044,822400
2013-10-24,123.790001,124.349998,123.449997,124.019997,113.523972,865200
2013-10-25,124.279999,125.260002,123.720001,125.239998,114.640701,642600
2013-10-28,124.940002,125.230003,123.540001,124.040001,113.542274,590300
2013-10-29,124.019997,124.66999799999999,123.260002,124.660004,114.10981000000001,939500
2013-10-30,124.709999,128.119995,124.300003,124.5,113.963348,1487600
2013-10-31,124.720001,125.410004,124.199997,124.709999,114.155579,1262300
2013-11-01,125.16999799999999,125.389999,123.809998,124.089996,113.58801299999999,1065400
2013-11-04,124.449997,124.459999,123.339996,123.730003,113.25851399999999,887100
2013-11-05,124.0,125.040001,123.269997,125.010002,114.43018300000001,1323800
2013-11-06,125.16999799999999,126.190002,125.019997,125.889999,115.235703,784300
2013-11-07,125.940002,126.230003,123.980003,124.18,113.670425,1067300
2013-11-08,124.18,124.5,123.400002,124.489998,113.954178,1047400
2013-11-11,124.699997,124.91999799999999,124.040001,124.68,114.128098,607700
2013-11-12,124.349998,124.550003,123.519997,124.050003,113.551422,938300
2013-11-13,123.839996,124.550003,123.489998,124.540001,113.99993899999998,893100
2013-11-14,124.989998,126.010002,124.690002,125.620003,114.988548,543300
2013-11-15,125.879997,126.83000200000001,125.139999,126.800003,116.06868700000001,827800
2013-11-18,127.300003,127.339996,125.879997,126.290001,115.60183,688300
2013-11-19,125.980003,127.0,125.699997,126.239998,115.55608400000001,693800
2013-11-20,125.91999799999999,126.370003,124.349998,124.5,113.963348,812500
2013-11-21,124.860001,125.589996,124.190002,125.41999799999999,114.80547299999999,632300
2013-11-22,125.43,126.709999,124.91999799999999,126.57,115.85816200000001,725600
2013-11-25,126.510002,127.07,125.949997,126.07,115.400475,699700
2013-11-26,126.010002,126.25,125.599998,126.07,115.400475,1604800
2013-11-27,125.82,126.860001,125.699997,126.58000200000001,115.86731699999999,512300
2013-11-29,126.5,127.089996,125.959999,126.260002,115.57438700000002,568300
2013-12-02,126.110001,127.379997,124.650002,124.779999,114.21963500000001,1161700
2013-12-03,124.129997,125.050003,123.58000200000001,124.239998,113.725349,1154700
2013-12-04,122.790001,123.980003,122.389999,123.620003,113.706947,822500
2013-12-05,122.989998,123.540001,122.339996,122.489998,112.667557,1217400
2013-12-06,123.889999,125.559998,123.440002,125.459999,115.399406,810100
2013-12-09,125.93,125.980003,124.690002,125.410004,115.35340900000001,1095100
2013-12-10,128.199997,128.619995,125.639999,125.940002,115.84090400000001,2042000
2013-12-11,125.68,126.110001,123.949997,124.120003,114.166847,1307700
2013-12-12,123.650002,125.059998,122.860001,124.68,114.681931,1218500
2013-12-13,124.809998,125.099998,124.059998,124.25,114.28643000000001,727200
2013-12-16,124.599998,125.730003,124.5,125.019997,114.99468200000001,1017400
2013-12-17,125.0,125.75,124.800003,125.239998,115.19703700000001,930600
2013-12-18,125.370003,126.730003,123.760002,126.660004,116.503174,1133900
2013-12-19,126.230003,127.16999799999999,125.690002,127.150002,116.95388799999999,1108700
2013-12-20,126.959999,127.879997,126.82,127.540001,117.312599,1055800
2013-12-23,128.139999,128.139999,127.379997,127.959999,117.69890600000001,804800
2013-12-24,127.910004,129.119995,127.720001,128.970001,118.62793,316900
2013-12-26,128.919998,129.619995,128.259995,129.570007,119.17981,326800
2013-12-27,130.0,130.399994,129.669998,130.009995,119.584526,486500
2013-12-30,129.679993,130.389999,129.520004,130.009995,119.584526,453100
2013-12-31,130.440002,130.580002,129.470001,130.029999,119.60293600000001,597600
2014-01-02,129.139999,129.919998,128.740005,129.5,119.115417,777700
2014-01-03,129.5,130.0,129.360001,129.679993,119.280998,737600
2014-01-06,130.0,130.149994,129.220001,129.490005,119.10621599999999,1160100
2014-01-07,129.570007,130.570007,129.220001,130.240005,119.796104,1183600
2014-01-08,130.03999299999998,131.0,129.380005,130.929993,120.430748,1262500
2014-01-09,131.0,131.220001,130.529999,131.0,120.495148,1665000
2014-01-10,131.0,132.550003,130.970001,132.490005,121.86566200000001,1311500
2014-01-13,131.619995,132.850006,130.66000400000001,130.800003,120.311172,1246000
2014-01-14,131.009995,132.100006,130.449997,131.860001,121.28618600000001,709600
2014-01-15,131.970001,133.320007,131.619995,132.919998,122.261177,924700
2014-01-16,132.320007,132.91000400000001,132.130005,132.570007,121.93926200000001,865600
2014-01-17,132.25,133.360001,132.25,132.440002,121.819672,1230000
2014-01-21,133.41000400000001,134.229996,132.220001,133.21000700000002,122.52793899999999,771600
2014-01-22,133.509995,133.58999599999999,132.720001,133.21000700000002,122.52793899999999,717800
2014-01-23,131.889999,133.190002,131.03999299999998,131.279999,120.752678,1602000
2014-01-24,130.479996,130.479996,126.949997,126.970001,116.788315,2067100
2014-01-27,127.18,127.510002,125.639999,125.739998,115.656944,2671600
2014-01-28,125.949997,126.589996,125.449997,125.699997,115.620148,1915200
2014-01-29,126.5,129.479996,125.0,127.33000200000001,117.119446,2654800
2014-01-30,126.889999,127.260002,125.25,125.489998,115.426994,1806800
2014-01-31,123.93,125.660004,123.610001,124.720001,114.71874199999999,1794200
2014-02-03,124.870003,125.779999,121.269997,121.510002,111.766144,2278400
2014-02-04,122.82,123.360001,121.959999,122.379997,112.566376,1354100
2014-02-05,121.43,122.970001,121.220001,122.709999,112.869904,1384600
2014-02-06,122.709999,124.32,122.279999,124.279999,114.31401100000001,1342400
2014-02-07,125.089996,127.16999799999999,124.510002,127.059998,116.871094,1688800
2014-02-10,127.050003,128.080002,126.32,127.68,117.441368,1097700
2014-02-11,127.690002,128.690002,127.199997,128.429993,118.13121799999999,1225100
2014-02-12,128.66000400000001,129.199997,127.889999,128.080002,117.809288,1013500
2014-02-13,127.5,129.78999299999998,127.33000200000001,129.41000400000001,119.032646,994300
2014-02-14,129.350006,130.5,129.050003,129.809998,119.40055100000001,1241100
2014-02-18,130.199997,130.360001,129.449997,129.720001,119.31779499999999,1356300
2014-02-19,129.729996,130.070007,127.980003,128.149994,117.87368000000001,1244900
2014-02-20,128.300003,128.570007,127.269997,128.070007,117.800095,1101900
2014-02-21,128.259995,128.869995,127.760002,128.070007,117.800095,1415300
2014-02-24,127.809998,128.320007,127.129997,127.150002,116.95388799999999,1602500
2014-02-25,127.650002,129.259995,127.199997,128.800003,118.47156499999998,1007000
2014-02-26,128.800003,130.0,128.58999599999999,128.830002,118.499153,1222800
2014-02-27,128.33999599999999,130.0,128.220001,129.850006,119.43736299999999,965500
2014-02-28,129.96000700000002,131.149994,129.800003,130.369995,119.91566499999999,1292200
2014-03-03,129.71000700000002,130.71000700000002,129.110001,130.28999299999998,119.842079,936700
2014-03-04,132.050003,132.050003,130.610001,131.0,120.495148,1462700
2014-03-05,130.850006,130.869995,129.53999299999998,129.550003,119.75563000000001,1045700
2014-03-06,130.0,130.979996,129.46000700000002,130.830002,120.938873,901200
2014-03-07,131.080002,131.279999,130.619995,131.070007,121.16071299999999,761200
2014-03-10,130.889999,131.649994,130.58999599999999,131.580002,121.63215600000001,790600
2014-03-11,131.529999,132.16000400000001,131.279999,131.58999599999999,121.641403,1297900
2014-03-12,131.28999299999998,135.240005,130.66000400000001,132.080002,122.094353,1652200
2014-03-13,132.279999,132.679993,131.699997,132.050003,122.06662800000001,1657600
2014-03-14,131.479996,132.75,131.429993,131.75,121.789322,1426100
2014-03-17,132.139999,133.600006,131.830002,132.419998,122.408653,983900
2014-03-18,132.669998,132.96000700000002,131.809998,132.83999599999999,122.79688999999999,1162100
2014-03-19,133.199997,134.809998,132.03999299999998,132.66000400000001,122.630508,1629800
2014-03-20,132.190002,132.699997,132.020004,132.509995,122.49182900000001,952300
2014-03-21,133.559998,134.009995,132.229996,132.919998,122.870865,2424800
2014-03-24,133.449997,133.779999,131.490005,131.75,121.789322,872100
2014-03-25,132.380005,132.559998,130.639999,131.350006,121.41954799999999,1110700
2014-03-26,131.53999299999998,131.779999,129.630005,129.66000400000001,119.85733,1269100
2014-03-27,129.679993,129.889999,128.649994,128.800003,119.062347,1225700
2014-03-28,129.320007,129.75,128.550003,129.33999599999999,119.561485,1243600
2014-03-31,130.169998,131.130005,129.820007,130.970001,121.06828300000001,1208000
2014-04-01,132.559998,132.699997,130.399994,131.059998,121.151459,905000
2014-04-02,130.979996,132.050003,130.669998,131.610001,121.659912,974200
2014-04-03,132.070007,132.690002,131.229996,131.229996,121.308617,959900
2014-04-04,132.050003,132.25,129.389999,129.46000700000002,119.67244699999999,851800
2014-04-07,129.479996,129.820007,127.510002,127.57,117.92532299999999,1107600
2014-04-08,127.5,128.979996,127.269997,128.21000700000002,118.516922,1648800
2014-04-09,127.760002,130.5,127.760002,130.309998,120.45816,1259100
2014-04-10,130.369995,131.020004,128.100006,128.139999,118.452225,1250800
2014-04-11,127.690002,128.940002,126.949997,127.0,117.39841499999999,1474500
2014-04-14,128.190002,128.229996,126.470001,127.260002,117.638756,1222200
2014-04-15,127.510002,129.279999,127.290001,129.190002,119.422844,1610400
2014-04-16,130.16000400000001,131.679993,129.770004,131.550003,121.604424,941200
2014-04-17,131.559998,132.300003,131.08999599999999,131.860001,121.890976,876500
2014-04-21,132.16000400000001,133.070007,131.690002,132.889999,122.84310900000001,1208200
2014-04-22,133.100006,133.240005,131.800003,131.970001,121.992645,1532100
2014-04-23,127.589996,131.970001,127.589996,131.699997,121.74308,1286200
2014-04-24,132.100006,132.110001,130.490005,130.649994,120.772446,1227800
2014-04-25,130.28999299999998,130.630005,129.050003,129.360001,119.579994,888500
2014-04-28,129.759995,130.33999599999999,128.770004,129.399994,119.61695900000001,1217400
2014-04-29,129.41000400000001,130.110001,128.429993,128.46000700000002,118.748047,1014100
2014-04-30,128.990005,130.71000700000002,128.389999,130.550003,120.68004599999999,1860000
2014-05-01,130.830002,130.919998,129.559998,130.28999299999998,120.439674,902500
2014-05-02,130.070007,131.119995,130.020004,131.0,121.096001,787600
2014-05-05,130.529999,130.869995,129.96000700000002,130.649994,120.772446,806100
2014-05-06,130.25,131.309998,130.100006,130.429993,120.569099,847100
2014-05-07,130.78999299999998,131.080002,129.929993,130.0,120.17161599999999,1590300
2014-05-08,130.58999599999999,130.970001,129.550003,130.169998,120.32874299999999,989500
2014-05-09,130.179993,130.490005,129.380005,130.100006,120.264053,652900
2014-05-12,130.690002,131.28999299999998,130.100006,131.070007,121.16071299999999,587500
2014-05-13,131.050003,131.419998,130.53999299999998,131.0,121.096001,630700
2014-05-14,131.009995,131.729996,130.33999599999999,131.429993,121.49346899999999,561300
2014-05-15,131.020004,131.28999299999998,129.649994,130.360001,120.504372,788100
2014-05-16,130.28999299999998,131.16000400000001,129.970001,131.0,121.096001,775700
2014-05-19,130.66000400000001,131.600006,130.570007,131.53999299999998,121.595184,609200
2014-05-20,131.479996,131.690002,130.03999299999998,130.190002,120.347252,717900
2014-05-21,130.240005,130.78999299999998,130.029999,130.509995,120.64305900000001,684200
2014-05-22,130.399994,131.059998,129.96000700000002,130.28999299999998,120.439674,522800
2014-05-23,130.03999299999998,131.03999299999998,130.03999299999998,130.929993,121.03130300000001,501600
2014-05-27,131.270004,131.66000400000001,130.740005,130.830002,120.938873,674100
2014-05-28,130.949997,131.199997,130.149994,130.169998,120.32874299999999,684900
2014-05-29,130.600006,132.619995,130.100006,132.5,122.482597,752900
2014-05-30,132.059998,132.429993,131.729996,132.240005,122.24225600000001,1097500
2014-06-02,132.0,134.190002,131.779999,134.029999,123.896942,1066100
2014-06-03,133.800003,134.110001,133.25,133.679993,123.57339499999999,962400
2014-06-04,133.139999,133.580002,132.580002,132.729996,123.294716,506300
2014-06-05,132.669998,133.75,131.919998,133.690002,124.186462,670700
2014-06-06,134.0,134.759995,133.630005,134.669998,125.09681699999999,659100
2014-06-09,134.669998,134.83999599999999,133.479996,133.779999,124.270073,698500
2014-06-10,133.770004,134.240005,133.03999299999998,133.58999599999999,124.09358999999999,671800
2014-06-11,133.350006,133.570007,132.350006,132.479996,123.062477,614700
2014-06-12,132.229996,132.630005,130.720001,130.990005,121.67840600000001,680000
2014-06-13,131.119995,131.940002,130.649994,131.529999,122.180031,674200
2014-06-16,131.440002,131.559998,130.350006,130.610001,121.32541699999999,872900
2014-06-17,130.389999,130.990005,130.199997,130.83999599999999,121.53907,947700
2014-06-18,130.449997,132.850006,130.449997,132.350006,122.94173400000001,1547400
2014-06-19,132.199997,132.630005,131.169998,131.5,122.152153,992100
2014-06-20,131.970001,132.240005,131.449997,132.110001,122.718773,1029000
2014-06-23,131.899994,132.5,131.729996,131.860001,122.486557,514100
2014-06-24,131.899994,132.270004,131.16000400000001,131.21000700000002,121.88276699999999,556300
2014-06-25,131.41000400000001,132.179993,131.149994,131.389999,122.049957,589300
2014-06-26,131.429993,131.529999,130.279999,131.029999,121.715553,1152800
2014-06-27,130.899994,131.940002,130.449997,131.899994,122.523705,1005500
2014-06-30,132.429993,133.740005,131.75,132.83999599999999,123.39688899999999,1521200
2014-07-01,133.279999,133.41000400000001,132.259995,132.83999599999999,123.39688899999999,654700
2014-07-02,132.520004,133.229996,132.100006,132.729996,123.294716,670400
2014-07-03,132.75,133.330002,132.16000400000001,133.300003,123.824196,531200
2014-07-07,133.029999,133.21000700000002,132.33999599999999,133.0,123.545525,936400
2014-07-08,132.770004,133.070007,132.259995,132.779999,123.34115600000001,729600
2014-07-09,133.119995,133.119995,131.800003,132.41000400000001,122.997452,694900
2014-07-10,131.509995,132.350006,131.490005,131.869995,122.495865,583500
2014-07-11,131.699997,131.800003,131.369995,131.58999599999999,122.23575600000001,508900
2014-07-14,132.330002,132.580002,131.600006,132.41000400000001,122.997452,706000
2014-07-15,133.08999599999999,133.580002,132.479996,132.66000400000001,123.22968300000001,941500
2014-07-16,133.100006,133.649994,132.71000700000002,133.550003,124.056427,845200
2014-07-17,132.699997,133.21000700000002,131.53999299999998,131.669998,122.31006599999999,812900
2014-07-18,132.199997,133.149994,131.41000400000001,132.770004,123.33189399999999,1074000
2014-07-21,132.330002,132.429993,131.419998,131.479996,122.133545,688300
2014-07-22,131.779999,132.41000400000001,131.509995,131.690002,122.32865100000001,1007200
2014-07-23,130.46000700000002,131.630005,128.669998,131.149994,121.827026,1963500
2014-07-24,130.449997,130.949997,129.100006,129.229996,120.04351799999999,1695200
2014-07-25,129.100006,130.639999,128.830002,130.53999299999998,121.26037600000001,1060900
2014-07-28,130.630005,131.259995,130.169998,130.300003,121.03748300000001,850700
2014-07-29,130.179993,130.429993,128.649994,128.679993,119.53260800000001,1090200
2014-07-30,129.350006,129.759995,128.5,129.220001,120.034225,869300
2014-07-31,129.130005,129.570007,128.029999,128.139999,119.031006,1280200
2014-08-01,127.699997,128.820007,127.389999,128.229996,119.114616,1322700
2014-08-04,128.990005,129.179993,127.620003,128.91000400000001,119.746277,801100
2014-08-05,128.740005,128.899994,126.58000200000001,127.050003,118.018478,1243700
2014-08-06,127.050003,128.259995,126.980003,127.879997,118.789474,1094200
2014-08-07,128.050003,128.449997,126.970001,127.040001,118.009201,692900
2014-08-08,127.099998,128.990005,126.620003,128.899994,119.73696899999999,653600
2014-08-11,128.970001,129.78999299999998,128.389999,128.559998,119.421135,791700
2014-08-12,128.559998,129.220001,128.08999599999999,128.869995,119.70909099999999,779800
2014-08-13,129.429993,130.070007,129.139999,129.419998,120.220001,533700
2014-08-14,129.5,130.009995,129.259995,129.690002,120.470825,509100
2014-08-15,130.16000400000001,130.46000700000002,128.720001,129.580002,120.368622,858200
2014-08-18,130.21000700000002,130.740005,130.009995,130.699997,121.40902700000001,788500
2014-08-19,130.600006,130.83999599999999,130.100006,130.58999599999999,121.306839,842100
2014-08-20,130.559998,130.559998,129.429993,130.429993,121.158203,1305600
2014-08-21,130.580002,131.830002,130.179993,131.46000700000002,122.11500500000001,772800
2014-08-22,131.0,131.350006,130.509995,130.759995,121.464752,730800
2014-08-25,131.259995,131.770004,131.029999,131.649994,122.291473,784800
2014-08-26,131.91000400000001,131.979996,131.300003,131.360001,122.02211799999999,719800
2014-08-27,131.399994,131.740005,130.860001,131.139999,121.817741,503900
2014-08-28,130.53999299999998,131.720001,130.110001,131.440002,122.096405,553300
2014-08-29,131.919998,131.919998,131.050003,131.550003,122.19859299999999,570000
2014-09-02,131.820007,131.979996,131.139999,131.66000400000001,122.300781,768800
2014-09-03,131.559998,132.610001,131.419998,132.229996,122.83026100000001,874700
2014-09-04,130.899994,131.949997,130.899994,131.880005,123.11031299999999,1160800
2014-09-05,131.699997,132.559998,131.470001,132.559998,123.74508700000001,748900
2014-09-08,132.240005,133.119995,132.009995,132.529999,123.71709399999999,900400
2014-09-09,132.25,132.369995,131.820007,132.110001,123.324997,1213700
2014-09-10,131.880005,132.820007,131.5,132.800003,123.969124,1139400
2014-09-11,132.110001,132.949997,130.919998,131.16000400000001,122.438194,1782600
2014-09-12,131.28999299999998,132.21000700000002,131.08999599999999,131.630005,122.87693,1014200
2014-09-15,131.520004,131.899994,130.919998,131.550003,122.80226100000002,810000
2014-09-16,131.610001,132.690002,130.91000400000001,132.190002,123.399681,866900
2014-09-17,132.669998,133.08999599999999,131.850006,132.490005,123.679749,1069200
2014-09-18,132.830002,134.0,132.570007,133.46000700000002,124.585251,1250800
2014-09-19,134.059998,134.059998,133.110001,133.520004,124.64126599999999,1756900
2014-09-22,133.479996,133.860001,132.949997,133.169998,124.314499,1402100
2014-09-23,133.029999,133.059998,132.009995,132.03999299999998,123.259674,1094700
2014-09-24,132.399994,133.770004,132.020004,133.75,124.855957,1233300
2014-09-25,133.490005,133.509995,131.75,131.759995,122.998283,1403500
2014-09-26,131.740005,132.619995,131.71000700000002,132.559998,123.74508700000001,1160800
2014-09-29,131.149994,132.16000400000001,130.33999599999999,130.880005,122.176819,1587300
2014-09-30,130.479996,131.08999599999999,128.990005,129.0,120.42181399999998,1603800
2014-10-01,128.809998,129.28999299999998,125.589996,125.83000200000001,117.462616,2243100
2014-10-02,125.449997,125.760002,124.410004,125.300003,116.96786499999999,1887900
2014-10-03,125.650002,126.089996,125.010002,125.519997,117.17321799999999,1179200
2014-10-06,126.0,126.540001,125.220001,125.620003,117.266594,1973800
2014-10-07,125.190002,125.360001,123.449997,123.470001,115.259552,1083800
2014-10-08,123.849998,125.07,122.199997,124.940002,116.631805,1348800
2014-10-09,124.860001,125.099998,121.66999799999999,121.980003,113.868629,1413700
2014-10-10,121.75,122.260002,120.400002,120.769997,112.739098,2291200
2014-10-13,121.0,121.559998,118.709999,118.809998,110.909424,1448200
2014-10-14,119.300003,121.279999,118.959999,120.190002,112.19766200000001,1360200
2014-10-15,118.82,121.559998,117.32,121.389999,113.317856,2352800
2014-10-16,120.139999,123.160004,120.099998,122.360001,114.223366,1444000
2014-10-17,122.870003,124.660004,122.83000200000001,124.110001,115.85700200000001,1438400
2014-10-20,123.360001,125.629997,123.32,125.510002,117.163895,1003000
2014-10-21,126.43,128.149994,125.529999,127.57,119.086906,1623500
2014-10-22,128.330002,128.669998,126.980003,127.010002,118.564163,1366700
2014-10-23,128.169998,128.33999599999999,126.339996,126.58000200000001,118.16274299999999,1606800
2014-10-24,126.510002,128.0,126.41999799999999,127.720001,119.226952,868100
2014-10-27,126.239998,126.879997,124.949997,125.510002,117.163895,1802700
2014-10-28,126.339996,126.980003,125.239998,125.699997,117.341248,2932700
2014-10-29,122.339996,124.989998,121.980003,122.610001,114.456741,5268800
2014-10-30,122.349998,123.66999799999999,121.650002,122.66999799999999,114.51274099999999,1881700
2014-10-31,124.220001,126.010002,123.290001,125.989998,117.61199199999999,2752200
2014-11-03,126.199997,126.300003,123.800003,124.41999799999999,116.146378,1870400
2014-11-04,124.41999799999999,124.949997,123.599998,124.269997,116.006332,1076100
2014-11-05,124.980003,125.870003,124.410004,125.769997,117.406601,1240600
2014-11-06,125.559998,126.660004,125.239998,126.57,118.15340400000001,894400
2014-11-07,126.910004,126.970001,125.959999,126.66999799999999,118.246765,868500
2014-11-10,126.690002,126.720001,125.459999,126.370003,117.966698,1222700
2014-11-11,126.440002,127.0,126.25,126.699997,118.27476499999999,721600
2014-11-12,126.029999,126.989998,125.709999,126.230003,117.836021,979200
2014-11-13,126.639999,126.910004,125.940002,126.730003,118.302773,816200
2014-11-14,127.019997,127.019997,125.610001,125.860001,117.49061599999999,886100
2014-11-17,126.019997,126.769997,125.779999,126.260002,117.864029,757400
2014-11-18,126.559998,128.229996,126.07,127.83000200000001,119.32961999999999,1291600
2014-11-19,127.970001,128.470001,127.5,128.259995,119.73103300000001,1007600
2014-11-20,127.690002,129.119995,127.529999,128.820007,120.253799,991800
2014-11-21,129.850006,131.179993,129.83999599999999,130.550003,121.868752,1342300
2014-11-24,130.720001,130.779999,129.350006,129.479996,120.869904,974800
2014-11-25,129.490005,129.929993,128.570007,128.649994,120.09509299999999,1230600
2014-11-26,128.580002,129.91000400000001,128.300003,129.880005,121.24330900000001,965500
2014-11-28,130.449997,130.740005,128.139999,128.380005,119.843048,633100
2014-12-01,127.910004,128.309998,126.940002,127.559998,119.07757600000001,1093300
2014-12-02,127.82,128.490005,127.489998,128.449997,119.90838600000001,889600
2014-12-03,127.769997,129.91000400000001,127.25,129.699997,121.691071,1240800
2014-12-04,129.649994,129.860001,128.800003,129.509995,121.512794,729900
2014-12-05,129.33999599999999,129.83999599999999,129.149994,129.529999,121.531548,749500
2014-12-08,129.28999299999998,129.320007,127.860001,128.070007,120.161736,1045100
2014-12-09,127.849998,128.080002,126.91999799999999,127.699997,119.814568,1137900
2014-12-10,127.690002,127.709999,125.32,125.599998,117.844246,1234000
2014-12-11,125.790001,127.260002,125.769997,126.260002,118.463493,1169000
2014-12-12,124.970001,125.57,123.720001,123.720001,116.08033,1257500
2014-12-15,124.440002,124.779999,123.339996,123.910004,116.258606,1540400
2014-12-16,122.400002,126.199997,121.959999,123.269997,115.658119,1284300
2014-12-17,124.150002,126.760002,123.860001,126.480003,118.66990700000001,1119500
2014-12-18,127.25,130.470001,127.050003,130.449997,122.39475300000001,1656900
2014-12-19,130.570007,130.800003,129.46000700000002,130.050003,122.01947,2038700
2014-12-22,129.91000400000001,131.350006,129.600006,131.33999599999999,123.22979,932400
2014-12-23,131.699997,132.5,131.429993,132.08999599999999,123.933479,1026300
2014-12-24,132.25,132.350006,131.669998,131.740005,123.60511799999999,422900
2014-12-26,132.199997,132.949997,131.669998,132.229996,124.064819,444000
2014-12-29,131.869995,132.649994,131.699997,132.320007,124.14928400000001,520500
2014-12-30,131.899994,132.259995,131.21000700000002,131.33999599999999,123.22979,640700
2014-12-31,131.529999,131.699997,129.559998,129.559998,121.55972299999999,764900
2015-01-02,129.639999,130.220001,128.850006,129.949997,121.92563600000001,683700
2015-01-05,128.820007,129.059998,126.110001,126.519997,118.70742800000001,1165700
2015-01-06,126.199997,127.019997,124.82,124.900002,117.18746200000001,1349800
2015-01-07,125.870003,126.650002,125.25,126.300003,118.50103,861300
2015-01-08,127.889999,128.860001,127.230003,128.380005,120.452583,1089700
2015-01-09,128.850006,128.850006,126.5,126.650002,118.829407,986800
2015-01-12,126.769997,127.309998,125.360001,126.370003,118.566704,1022600
2015-01-13,126.900002,127.489998,124.599998,125.5,117.750427,1235000
2015-01-14,123.279999,125.0,123.199997,124.589996,116.896599,1231700
2015-01-15,124.589996,126.220001,124.400002,124.470001,116.784012,787600
2015-01-16,124.470001,124.68,122.519997,123.529999,115.902069,1990600
2015-01-20,123.870003,125.339996,123.660004,124.910004,117.196846,1563400
2015-01-21,124.57,125.949997,124.08000200000001,125.66999799999999,117.909912,1030200
2015-01-22,126.650002,127.690002,125.66999799999999,127.459999,119.589386,1170600
2015-01-23,127.43,127.540001,126.290001,126.339996,118.53853600000001,1066700
2015-01-26,123.550003,125.57,123.550003,124.519997,116.830925,1408300
2015-01-27,122.900002,124.629997,122.5,123.199997,115.59243799999999,1831900
2015-01-28,124.190002,127.33000200000001,122.599998,122.629997,115.05763999999999,2334800
2015-01-29,123.029999,123.230003,120.16999799999999,121.449997,113.9505,1981000
2015-01-30,119.91999799999999,122.019997,119.91999799999999,120.589996,113.1436,2048800
2015-02-02,121.08000200000001,122.529999,119.879997,122.220001,114.672951,2307000
2015-02-03,123.550003,123.779999,122.32,123.480003,115.855148,1520600
2015-02-04,122.620003,123.720001,122.459999,122.709999,115.132706,1394400
2015-02-05,123.639999,124.660004,122.650002,124.610001,116.91538200000001,1330900
2015-02-06,124.150002,125.879997,123.949997,125.25,117.51586200000001,1431100
2015-02-09,125.0,125.690002,124.599998,125.040001,117.318832,1262800
2015-02-10,125.239998,125.559998,124.489998,124.910004,117.196846,1188700
2015-02-11,124.910004,125.059998,123.900002,124.349998,116.67143200000001,1226800
2015-02-12,125.0,125.550003,124.769997,125.360001,117.61905700000001,1289800
2015-02-13,125.5,126.980003,125.339996,126.889999,119.05459599999999,770200
2015-02-17,126.66999799999999,128.0,126.16999799999999,127.449997,119.58000200000001,759500
2015-02-18,127.440002,127.769997,126.510002,127.629997,119.74889399999999,728400
2015-02-19,127.620003,129.240005,126.959999,128.860001,120.90293899999999,1082400
2015-02-20,128.850006,129.5,127.43,129.309998,121.325142,1075800
2015-02-23,128.96000700000002,129.449997,128.139999,128.389999,120.46196,872400
2015-02-24,128.580002,128.869995,127.980003,128.380005,120.452583,830400
2015-02-25,128.330002,129.0,128.259995,128.58999599999999,120.64960500000001,719500
2015-02-26,128.309998,128.940002,127.660004,127.900002,120.00222,1462500
2015-02-27,127.980003,128.619995,127.730003,127.900002,120.00222,1249000
2015-03-02,127.900002,130.380005,127.610001,130.279999,122.23524499999999,1376400
2015-03-03,129.820007,129.869995,128.919998,129.050003,121.081223,1223800
2015-03-04,128.190002,128.419998,126.57,127.720001,120.500961,1996900
2015-03-05,127.91999799999999,128.080002,127.0,127.739998,120.519829,2209100
2015-03-06,126.470001,127.050003,126.160004,126.290001,119.15178700000001,1849200
2015-03-09,126.32,126.809998,125.940002,126.25,119.11404399999999,1934500
2015-03-10,125.199997,125.589996,124.019997,124.360001,117.33087900000001,1703800
2015-03-11,124.360001,125.32,124.110001,124.220001,117.198807,1429000
2015-03-12,124.650002,125.730003,124.43,125.629997,118.529099,1544000
2015-03-13,125.300003,125.400002,123.089996,123.800003,116.802536,1332300
2015-03-16,125.540001,125.550003,123.260002,124.239998,117.21765900000001,1437600
2015-03-17,123.900002,123.989998,122.019997,122.82,115.877922,1374400
2015-03-18,122.150002,125.5,121.379997,124.809998,117.75544,1277800
2015-03-19,123.839996,124.220001,122.0,122.010002,115.113708,1394400
2015-03-20,120.83000200000001,123.18,119.690002,121.91999799999999,115.028793,3025100
2015-03-23,121.91999799999999,122.400002,121.629997,121.980003,115.08541100000001,1100400
2015-03-24,121.660004,122.849998,121.540001,121.550003,114.67971000000001,1301700
2015-03-25,121.769997,122.160004,120.290001,120.300003,113.500374,1008100
2015-03-26,120.190002,120.879997,120.059998,120.510002,113.69848600000002,1040100
2015-03-27,120.279999,120.940002,120.050003,120.160004,113.368279,1071700
2015-03-30,121.029999,121.949997,120.650002,121.519997,114.651398,846900
2015-03-31,121.220001,121.66999799999999,120.68,120.739998,113.91548200000001,997500
2015-04-01,120.58000200000001,121.16999799999999,119.75,121.010002,114.170235,1231700
2015-04-02,120.650002,122.559998,120.309998,122.269997,115.359016,1334700
2015-04-06,122.309998,122.989998,121.739998,122.260002,115.349594,1085500
2015-04-07,122.08000200000001,123.339996,122.08000200000001,122.769997,115.83075,922400
2015-04-08,122.739998,123.220001,122.019997,122.360001,115.44391599999999,1012400
2015-04-09,122.610001,123.0,122.16999799999999,122.57,115.642052,1327300
2015-04-10,123.0,123.0,121.489998,122.360001,115.44391599999999,1690400
2015-04-13,122.489998,122.720001,121.129997,121.220001,114.36835500000001,1380000
2015-04-14,121.300003,121.690002,120.43,121.0,114.160789,1566100
2015-04-15,121.58000200000001,122.33000200000001,121.199997,121.5,114.63253,1429400
2015-04-16,121.470001,121.879997,120.660004,121.239998,114.38723799999998,1060100
2015-04-17,120.389999,120.93,120.059998,120.449997,113.641876,1048900
2015-04-20,121.519997,122.190002,120.91999799999999,122.0,115.10426299999999,1644200
2015-04-21,122.129997,122.41999799999999,121.07,121.230003,114.377808,1703500
2015-04-22,121.309998,121.589996,120.309998,121.260002,114.40610500000001,965100
2015-04-23,121.459999,122.41999799999999,121.0,121.860001,114.972191,979700
2015-04-24,121.980003,122.5,121.449997,122.459999,115.53827700000001,1042500
2015-04-27,122.5,123.730003,121.970001,123.589996,116.604401,1804400
2015-04-28,123.160004,123.940002,122.25,122.790001,115.849632,1563300
2015-04-29,120.0,124.989998,119.809998,124.690002,117.64223500000001,2635200
2015-04-30,124.18,124.300003,121.239998,121.93,115.03823100000001,3068600
2015-05-01,122.25,123.660004,122.08000200000001,122.75,115.811874,1204300
2015-05-04,123.010002,123.349998,122.040001,122.269997,115.359016,826100
2015-05-05,122.480003,122.83000200000001,120.529999,120.910004,114.07588200000001,796500
2015-05-06,121.760002,121.959999,119.440002,119.849998,113.07579799999999,1453000
2015-05-07,119.43,121.029999,119.139999,120.769997,113.94378700000001,1039000
2015-05-08,122.07,122.239998,120.910004,121.019997,114.17966499999999,1408700
2015-05-11,120.709999,121.099998,118.970001,119.150002,112.41535900000001,1696000
2015-05-12,118.839996,118.839996,117.459999,117.839996,111.17941299999998,1810800
2015-05-13,117.82,118.239998,117.190002,117.809998,111.1511,1509900
2015-05-14,118.760002,120.699997,118.32,120.610001,113.79283899999999,1515300
2015-05-15,120.269997,123.07,120.269997,122.400002,115.48166699999999,1920100
2015-05-18,122.019997,122.230003,121.139999,121.849998,114.962753,938700
2015-05-19,121.879997,121.879997,120.739998,121.33000200000001,114.472153,887700
2015-05-20,121.779999,122.349998,121.0,121.480003,114.61365500000001,1083900
2015-05-21,121.33000200000001,121.870003,121.07,121.860001,114.972191,830200
2015-05-22,121.699997,122.300003,121.160004,122.010002,115.113708,1430900
2015-05-26,121.220001,121.68,120.870003,121.66999799999999,114.79293799999999,1429900
2015-05-27,121.230003,121.639999,120.66999799999999,121.529999,114.660843,1229500
2015-05-28,121.290001,122.760002,121.150002,122.75,115.811874,1354800
2015-05-29,122.559998,123.33000200000001,122.239998,122.860001,115.91565700000001,2269000
2015-06-01,123.010002,123.089996,121.800003,122.459999,115.53827700000001,1448400
2015-06-02,122.379997,122.68,121.699997,122.540001,115.613754,1212900
2015-06-03,121.900002,122.82,121.900002,122.82,116.558022,1319600
2015-06-04,120.900002,122.139999,120.900002,121.379997,115.191429,1691700
2015-06-05,120.900002,121.739998,120.57,121.379997,115.191429,1220600
2015-06-08,121.379997,121.980003,121.099998,121.790001,115.58053600000001,2319300
2015-06-09,121.93,122.300003,121.599998,121.959999,115.741867,1628700
2015-06-10,122.650002,123.059998,122.029999,123.010002,116.738327,1007600
2015-06-11,123.18,123.400002,122.66999799999999,123.239998,116.956604,1103100
2015-06-12,123.16999799999999,123.309998,122.699997,123.18,116.89967299999999,1253600
2015-06-15,122.239998,122.540001,121.129997,121.220001,115.03958899999999,1339600
2015-06-16,121.08000200000001,121.82,121.050003,121.739998,115.53308100000001,800200
2015-06-17,122.110001,122.870003,121.449997,122.66999799999999,116.415672,1061900
2015-06-18,123.019997,124.16999799999999,122.559998,123.790001,117.478554,1032500
2015-06-19,123.790001,123.809998,122.870003,123.0,116.72883600000002,1216400
2015-06-22,123.5,123.650002,123.0,123.349998,117.06098899999999,562500
2015-06-23,123.33000200000001,123.629997,122.41999799999999,123.5,117.203354,841000
2015-06-24,123.190002,123.190002,121.779999,122.489998,116.24483500000001,1598300
2015-06-25,122.599998,122.68,121.82,122.209999,115.979118,1083800
2015-06-26,121.870003,122.589996,121.32,121.58000200000001,115.381248,1541600
2015-06-29,120.779999,121.279999,118.980003,119.300003,113.217491,2066800
2015-06-30,120.220001,120.349998,118.980003,119.550003,113.45475,1511700
2015-07-01,120.360001,120.510002,119.010002,119.279999,113.198494,1380100
2015-07-02,119.730003,119.940002,118.279999,118.900002,112.83789099999998,1179800
2015-07-06,117.940002,118.540001,117.400002,117.860001,111.85090600000001,892200
2015-07-07,117.510002,118.66999799999999,116.739998,118.5,112.45826699999999,1187300
2015-07-08,117.970001,117.970001,116.08000200000001,116.089996,110.17114299999999,1171900
2015-07-09,117.41999799999999,117.660004,116.0,116.0,110.085747,1685900
2015-07-10,117.16999799999999,117.730003,116.58000200000001,117.370003,111.38589499999999,867600
2015-07-13,118.309998,118.610001,117.82,118.470001,112.429794,1280000
2015-07-14,118.389999,119.360001,118.0,119.269997,113.18901799999999,875600
2015-07-15,119.150002,119.540001,118.400002,118.690002,112.63858,1112400
2015-07-16,118.910004,119.019997,117.93,118.209999,112.18306000000001,1579300
2015-07-17,117.800003,118.220001,116.519997,117.010002,111.04425,979900
2015-07-20,116.910004,117.360001,116.279999,116.709999,110.759529,1086000
2015-07-21,116.940002,117.260002,114.959999,115.400002,109.516319,995000
2015-07-22,115.300003,115.980003,114.82,115.150002,109.279076,1168400
2015-07-23,115.139999,115.470001,114.43,115.199997,109.326523,1339200
2015-07-24,114.970001,115.43,112.629997,112.980003,107.219711,1550300
2015-07-27,112.33000200000001,112.959999,111.540001,111.82,106.118851,1312000
2015-07-28,112.339996,115.57,111.730003,115.379997,109.497353,2030300
2015-07-29,113.010002,116.370003,111.889999,115.93,110.019302,2795500
2015-07-30,116.230003,116.58000200000001,113.589996,114.269997,108.44393899999999,2517300
2015-07-31,114.440002,114.790001,113.620003,114.139999,108.32058,2223000
2015-08-03,114.099998,114.279999,113.190002,113.629997,107.836578,876800
2015-08-04,113.980003,114.83000200000001,113.18,113.389999,107.60881,1167600
2015-08-05,114.25,114.599998,113.33000200000001,113.389999,107.60881,1110000
2015-08-06,113.43,114.099998,112.940002,113.339996,107.561356,981300
2015-08-07,113.110001,113.599998,112.440002,113.150002,107.38105,1536000
2015-08-10,114.0,115.559998,113.75,115.470001,109.582756,1467900
2015-08-11,114.209999,114.769997,113.43,113.980003,108.16873899999999,958500
2015-08-12,113.410004,114.050003,112.559998,113.449997,107.665741,1476900
2015-08-13,113.16999799999999,114.089996,112.949997,113.66999799999999,107.87454199999999,1163300
2015-08-14,113.690002,114.139999,113.449997,113.989998,108.178207,850200
2015-08-17,113.870003,114.360001,112.989998,114.0,108.187706,1146100
2015-08-18,113.66999799999999,114.029999,113.209999,113.510002,107.72268700000001,820600
2015-08-19,112.769997,113.25,111.510002,112.41999799999999,106.68826299999999,1073100
2015-08-20,111.910004,112.93,111.639999,111.650002,105.95753500000001,1532800
2015-08-21,110.760002,111.440002,108.440002,108.610001,103.072517,2431600
2015-08-24,103.57,106.18,101.010002,105.360001,99.988213,3888500
2015-08-25,107.790001,107.800003,102.779999,103.0,97.74854300000001,3243100
2015-08-26,105.040001,105.129997,102.870003,104.050003,98.745018,3876200
2015-08-27,105.790001,106.019997,103.900002,105.190002,99.826881,3116500
2015-08-28,105.050003,106.769997,105.050003,106.190002,100.775902,2824700
2015-08-31,105.790001,106.18,104.970001,105.75,100.358337,1967400
2015-09-01,103.519997,104.25,101.980003,102.379997,97.160149,2145300
2015-09-02,103.400002,103.760002,102.400002,102.949997,97.701073,1819000
2015-09-03,103.019997,104.470001,102.339996,103.010002,98.441734,2336900
2015-09-04,101.800003,102.370003,100.989998,101.440002,96.941353,2890000
2015-09-08,103.209999,104.269997,102.040001,104.269997,99.64585100000001,2592500
2015-09-09,105.029999,105.400002,103.75,104.300003,99.674515,2470200
2015-09-10,103.779999,105.800003,103.41999799999999,105.190002,100.52505500000001,3322600
2015-09-11,104.93,105.050003,104.08000200000001,104.769997,100.123665,2412500
2015-09-14,104.839996,105.0,103.93,104.410004,99.77964,1783900
2015-09-15,104.889999,105.910004,104.160004,105.699997,101.012428,1934500
2015-09-16,105.139999,107.5,105.139999,107.449997,102.68483,1922100
2015-09-17,107.279999,108.220001,106.620003,107.050003,102.30256700000001,2397300
2015-09-18,105.360001,106.160004,104.540001,105.129997,100.46770500000001,3108300
2015-09-21,105.190002,106.129997,104.739998,105.25,100.58239,1655300
2015-09-22,103.93,104.440002,102.730003,103.43,98.843102,1725600
2015-09-23,103.230003,103.610001,100.41999799999999,100.639999,96.176834,2877200
2015-09-24,100.0,101.43,98.550003,101.0,96.520866,2723900
2015-09-25,101.720001,102.099998,100.599998,100.91999799999999,96.444412,2011400
2015-09-28,99.989998,100.82,99.08000200000001,99.16999799999999,94.772018,2025900
2015-09-29,99.269997,100.730003,99.120003,100.550003,96.090828,1497700
2015-09-30,101.290001,102.110001,101.029999,101.860001,97.34272800000001,2388000
2015-10-01,102.099998,102.550003,100.550003,101.410004,96.912689,2627200
2015-10-02,100.389999,103.150002,99.589996,103.150002,98.57551600000001,1874300
2015-10-05,104.019997,106.510002,103.639999,106.339996,101.62404599999999,1940900
2015-10-06,105.889999,106.610001,105.470001,105.970001,101.270462,1739300
2015-10-07,106.239998,107.239998,105.260002,107.239998,102.484131,1224600
2015-10-08,107.300003,108.720001,106.970001,108.589996,103.774261,1339700
2015-10-09,109.099998,109.519997,108.290001,108.650002,103.83159599999999,1368100
2015-10-12,108.599998,109.099998,108.040001,108.529999,103.71691899999999,674200
2015-10-13,107.480003,108.43,107.379997,108.370003,103.564026,1461400
2015-10-14,108.309998,109.300003,107.940002,108.970001,104.137405,1693800
2015-10-15,109.5,109.949997,108.620003,109.489998,104.634346,1588900
2015-10-16,110.230003,110.239998,108.730003,109.43,104.577011,1354800
2015-10-19,108.540001,109.410004,108.449997,109.129997,104.290306,1424500
2015-10-20,109.150002,109.93,108.470001,109.360001,104.510109,1101000
2015-10-21,109.510002,109.519997,107.720001,107.879997,103.095741,964400
2015-10-22,108.82,110.589996,108.309998,110.260002,105.370209,1164100
2015-10-23,111.0,112.08000200000001,110.379997,111.75,106.79412099999999,1442600
2015-10-26,111.529999,111.949997,109.93,110.139999,105.255524,1481900
2015-10-27,109.5,110.440002,108.699997,109.269997,104.424103,1236900
2015-10-28,109.389999,110.709999,108.660004,109.910004,105.035721,1950900
2015-10-29,110.459999,114.720001,110.300003,112.75,107.749779,2939900
2015-10-30,113.660004,114.489998,111.07,111.089996,106.16339099999999,2628300
2015-11-02,111.349998,112.870003,111.18,112.379997,107.396179,1663300
2015-11-03,112.089996,113.940002,111.800003,113.559998,108.523849,1502600
2015-11-04,113.879997,114.129997,112.839996,113.019997,108.007797,1696100
2015-11-05,112.699997,113.839996,112.410004,113.379997,108.35183700000002,1704200
2015-11-06,112.690002,114.0,112.5,113.58000200000001,108.542961,936600
2015-11-09,113.239998,113.550003,111.709999,112.5,107.510857,984000
2015-11-10,112.260002,112.489998,110.660004,111.599998,106.650772,1324600
2015-11-11,111.779999,111.989998,110.290001,111.040001,106.11560800000001,917700
2015-11-12,109.949997,111.010002,109.849998,110.160004,105.274651,1096900
2015-11-13,110.160004,116.07,109.949997,113.510002,108.476074,3184700
2015-11-16,113.489998,116.290001,113.400002,115.980003,110.83653999999999,2451700
2015-11-17,116.019997,118.58000200000001,112.32,113.410004,108.380508,5891100
2015-11-18,113.510002,115.709999,112.879997,115.58000200000001,110.454269,1758700
2015-11-19,115.449997,116.099998,114.879997,115.559998,110.435158,1408900
2015-11-20,115.66999799999999,116.970001,114.889999,115.050003,109.947769,1473800
2015-11-23,114.989998,115.5,114.410004,114.58000200000001,109.49861899999999,1085600
2015-11-24,114.150002,114.389999,113.260002,114.029999,108.97301499999999,1422800
2015-11-25,113.720001,114.099998,113.07,113.209999,108.18937700000001,1566200
2015-11-27,113.08000200000001,114.260002,112.93,113.910004,108.858345,889900
2015-11-30,113.660004,114.18,112.57,112.800003,107.79756200000001,2564700
2015-12-01,112.25,112.360001,110.16999799999999,112.029999,107.06170700000001,2185900
2015-12-02,111.550003,112.120003,110.220001,110.360001,105.465759,1739200
2015-12-03,110.129997,110.5,107.91999799999999,109.059998,104.90306899999999,1619700
2015-12-04,109.57,110.360001,109.010002,110.279999,106.07656899999999,1932200
2015-12-07,109.660004,110.120003,109.089996,109.559998,105.38401,1149100
2015-12-08,108.190002,109.160004,106.589996,106.720001,102.652252,2107300
2015-12-09,106.93,108.139999,106.620003,107.059998,102.979294,1865100
2015-12-10,106.459999,107.559998,106.279999,106.68,102.613785,1510600
2015-12-11,104.940002,106.050003,104.940002,105.300003,101.286377,1939300
2015-12-14,105.160004,105.550003,104.029999,104.720001,100.72848499999999,1595400
2015-12-15,105.5,106.5,105.25,105.809998,101.77693199999999,1446800
2015-12-16,106.620003,107.08000200000001,104.559998,105.989998,101.95008100000001,1670200
2015-12-17,106.269997,106.510002,102.870003,102.91999799999999,98.997101,1730100
2015-12-18,102.33000200000001,102.66999799999999,101.470001,101.519997,97.650459,2015100
2015-12-21,102.040001,102.589996,101.300003,102.120003,98.22758499999999,1703000
2015-12-22,102.550003,103.540001,102.019997,102.809998,98.891281,1553800
2015-12-23,103.58000200000001,105.0,103.389999,104.739998,100.74771899999999,1655900
2015-12-24,104.379997,104.849998,104.139999,104.510002,100.52649699999999,493100
2015-12-28,104.019997,104.099998,103.220001,103.779999,99.824318,644100
2015-12-29,104.66999799999999,104.839996,104.029999,104.400002,100.420677,637900
2015-12-30,104.160004,104.32,103.18,103.18,99.247185,1261600
2015-12-31,102.800003,103.709999,102.279999,102.400002,98.49691800000001,930900
2016-01-04,101.029999,101.769997,100.519997,101.66999799999999,97.794731,1853500
2016-01-05,102.510002,102.529999,99.959999,101.32,97.458084,1589200
2016-01-06,99.83000200000001,101.389999,99.639999,100.300003,96.476974,1885300
2016-01-07,98.839996,100.07,97.599998,97.790001,94.06263,2002700
2016-01-08,98.040001,99.220001,97.33000200000001,97.849998,94.12033100000001,2541000
2016-01-11,98.370003,99.089996,97.629997,98.440002,94.687859,2389200
2016-01-12,99.5,100.010002,98.300003,99.889999,96.082596,1736500
2016-01-13,100.589996,102.32,97.550003,98.010002,94.27424599999999,2652800
2016-01-14,98.239998,100.339996,97.510002,99.790001,95.986397,1928500
2016-01-15,99.410004,99.790001,96.510002,97.389999,93.677879,1584700
2016-01-19,98.480003,98.599998,96.629997,98.18,94.43776700000001,1822000
2016-01-20,96.57,98.809998,96.0,97.82,94.091492,2844600
2016-01-21,98.25,98.790001,97.190002,97.959999,94.226151,1653200
2016-01-22,99.400002,99.690002,97.639999,98.089996,94.351196,1746800
2016-01-25,97.599998,98.150002,96.0,96.129997,92.465897,1400000
2016-01-26,96.519997,98.379997,95.940002,98.139999,94.399292,1350100
2016-01-27,97.809998,99.629997,97.739998,98.099998,94.360809,2132200
2016-01-28,98.639999,99.199997,97.910004,98.199997,94.457001,1815000
2016-01-29,96.769997,100.019997,95.599998,100.0,96.1884,3435200
2016-02-01,99.83000200000001,100.980003,98.370003,100.529999,96.698196,2402500
2016-02-02,97.83000200000001,99.260002,97.779999,98.150002,94.408913,2462400
2016-02-03,99.33000200000001,103.300003,98.949997,103.290001,99.35298900000001,2563200
2016-02-04,103.349998,106.989998,103.349998,105.529999,101.507614,2169200
2016-02-05,104.970001,105.519997,103.68,105.099998,101.094009,2021200
2016-02-08,104.519997,104.800003,100.470001,101.93,98.04483,2926200
2016-02-09,101.769997,104.199997,101.489998,103.82,99.86279300000001,1592800
2016-02-10,104.309998,105.290001,103.0,103.370003,99.429955,1107300
2016-02-11,101.739998,103.160004,101.260002,102.059998,98.169876,1594100
2016-02-12,102.760002,103.949997,102.209999,103.83000200000001,99.872421,978100
2016-02-16,105.040001,105.040001,103.459999,104.0,100.035934,1878700
2016-02-17,104.870003,105.400002,104.32,104.5,100.516869,1449200
2016-02-18,104.309998,104.860001,104.08000200000001,104.5,100.516869,995300
2016-02-19,104.410004,104.559998,102.970001,103.309998,99.372231,1354300
2016-02-22,103.889999,105.050003,103.57,104.220001,100.247536,1273100
2016-02-23,103.529999,103.809998,101.599998,102.220001,98.323784,1294600
2016-02-24,100.91999799999999,102.139999,100.800003,101.889999,98.006355,1493800
2016-02-25,102.209999,102.910004,101.040001,102.610001,98.698921,1758900
2016-02-26,103.300003,104.220001,102.440002,103.239998,99.304893,1582100
2016-02-29,103.370003,103.93,101.75,101.790001,97.910172,1325500
2016-03-01,102.849998,105.529999,102.389999,105.339996,101.324852,1591500
2016-03-02,104.709999,105.260002,103.33000200000001,104.139999,100.170601,1582700
2016-03-03,103.57,105.980003,102.720001,105.839996,102.544312,1295700
2016-03-04,106.059998,110.089996,105.91999799999999,108.790001,105.402451,2152400
2016-03-07,109.18,109.730003,107.629997,108.589996,105.20867199999999,1851700
2016-03-08,107.529999,108.690002,106.629997,108.139999,104.77268199999999,1315000
2016-03-09,108.41999799999999,109.349998,107.849998,109.059998,105.664032,1416000
2016-03-10,109.760002,111.32,109.300003,110.660004,107.214226,2592500
2016-03-11,111.08000200000001,112.209999,110.599998,111.110001,107.650208,2132100
2016-03-14,110.699997,111.050003,109.589996,109.900002,106.47788999999999,1279100
2016-03-15,108.949997,109.639999,108.57,109.440002,106.032219,1057300
2016-03-16,109.260002,110.660004,108.82,110.129997,106.70071399999999,1331000
2016-03-17,110.660004,113.550003,110.589996,113.120003,109.597633,2289100
2016-03-18,113.510002,113.650002,112.809998,112.879997,109.365082,2287000
2016-03-21,112.879997,113.400002,112.75,112.959999,109.442596,1122600
2016-03-22,112.629997,112.860001,111.82,112.58000200000001,109.074432,1246700
2016-03-23,112.389999,113.360001,111.660004,112.800003,109.287582,1229500
2016-03-24,111.879997,112.099998,111.0,111.739998,108.26059,1106200
2016-03-28,112.059998,112.720001,111.949997,112.449997,108.948471,852300
2016-03-29,111.949997,112.809998,111.589996,112.459999,108.958168,960700
2016-03-30,113.18,115.220001,112.91999799999999,115.0,111.419083,1708100
2016-03-31,114.93,115.32,114.360001,114.449997,110.8862,1751700
2016-04-01,113.949997,115.489998,112.720001,115.239998,111.651604,1171100
2016-04-04,114.5,115.599998,114.300003,114.709999,111.1381,977500
2016-04-05,113.82,114.449997,112.379997,112.989998,109.47166399999999,1285900
2016-04-06,113.099998,113.33000200000001,111.730003,113.279999,109.752632,976700
2016-04-07,112.529999,112.75,111.290001,111.66999799999999,108.19277199999999,878400
2016-04-08,112.470001,113.279999,111.959999,112.300003,108.80316200000001,840200
2016-04-11,112.769997,113.449997,112.709999,112.739998,109.229446,919900
2016-04-12,112.980003,114.41999799999999,112.360001,114.059998,110.508354,774500
2016-04-13,114.660004,115.620003,113.839996,115.57,111.971329,908700
2016-04-14,115.790001,115.910004,114.870003,115.529999,111.932579,748100
2016-04-15,115.309998,116.550003,115.089996,116.32,112.697975,987700
2016-04-18,115.599998,116.209999,115.349998,116.120003,112.504204,888300
2016-04-19,116.529999,118.860001,116.139999,118.82,115.12013200000001,1226200
2016-04-20,119.0,119.709999,118.57,119.290001,115.575493,1079300
2016-04-21,119.230003,120.040001,118.739998,118.849998,115.149193,573500
2016-04-22,119.41999799999999,119.790001,118.360001,119.620003,115.895226,658300
2016-04-25,119.010002,119.720001,118.849998,119.190002,115.47860700000001,654500
2016-04-26,119.199997,119.58000200000001,118.32,119.41999799999999,115.701447,903600
2016-04-27,119.489998,119.529999,117.629997,118.449997,114.761642,1493700
2016-04-28,117.599998,119.379997,117.269997,118.260002,114.57756,1193400
2016-04-29,113.66999799999999,118.349998,112.139999,117.459999,113.802475,1962600
2016-05-02,117.57,118.739998,117.050003,117.400002,113.74434699999999,1290900
2016-05-03,116.470001,116.610001,114.209999,115.089996,111.506271,1477300
2016-05-04,114.68,114.93,113.720001,113.940002,110.392075,1248200
2016-05-05,114.650002,114.849998,113.279999,113.470001,109.936714,1084100
2016-05-06,113.459999,114.550003,113.089996,114.300003,110.740875,848400
2016-05-09,114.300003,114.300003,112.519997,113.029999,109.51042199999999,1132900
2016-05-10,113.769997,114.230003,113.339996,114.019997,110.469582,979600
2016-05-11,114.120003,114.639999,113.309998,113.43,109.89796399999999,1049700
2016-05-12,114.190002,115.190002,113.489998,113.599998,110.06266799999999,1156400
2016-05-13,113.57,114.129997,111.559998,111.959999,108.47373999999999,799200
2016-05-16,112.120003,113.379997,111.639999,112.949997,109.432915,735700
2016-05-17,112.75,113.099998,112.150002,112.279999,108.78376000000002,1071100
2016-05-18,111.889999,111.970001,110.480003,110.779999,107.330482,935000
2016-05-19,110.639999,111.91999799999999,109.510002,110.059998,106.632896,1429400
2016-05-20,110.790001,111.050003,109.900002,110.08000200000001,106.65229,1206600
2016-05-23,110.08000200000001,111.099998,110.010002,110.489998,107.049507,1093500
2016-05-24,110.970001,111.519997,110.57,110.769997,107.320793,1281000
2016-05-25,111.269997,112.010002,111.0,111.629997,108.15401499999999,881900
2016-05-26,111.809998,111.989998,110.459999,110.57,107.127022,637000
2016-05-27,110.57,111.110001,110.209999,110.769997,107.320793,750400
2016-05-31,110.870003,111.129997,109.809998,109.860001,106.43913300000001,1726200
2016-06-01,109.57,111.029999,109.019997,110.839996,107.38861100000001,2096700
2016-06-02,110.57,110.57,109.940002,110.559998,107.117332,974500
2016-06-03,109.58000200000001,110.57,109.58000200000001,110.239998,107.53678899999998,1168200
2016-06-06,110.58000200000001,112.269997,110.510002,111.650002,108.912224,1137600
2016-06-07,111.779999,112.58000200000001,111.779999,111.860001,109.117065,1101100
2016-06-08,112.239998,113.779999,111.610001,113.66999799999999,110.882675,1450200
2016-06-09,113.209999,113.529999,112.519997,113.440002,110.658325,1765800
2016-06-10,112.949997,114.07,112.379997,113.730003,110.941216,1847200
2016-06-13,113.459999,114.470001,112.720001,112.879997,110.112053,1283800
2016-06-14,112.400002,113.120003,111.949997,112.449997,109.692596,1212800
2016-06-15,112.57,113.209999,111.839996,112.0,109.25363899999999,1454900
2016-06-16,111.220001,112.260002,110.099998,112.120003,109.37069699999999,1159100
2016-06-17,112.25,112.809998,111.309998,112.099998,109.35118100000001,1579200
2016-06-20,113.349998,114.300003,112.459999,112.620003,109.858429,1401500
2016-06-21,112.93,112.93,111.5,111.849998,109.1073,1393900
2016-06-22,112.239998,112.949997,111.709999,112.860001,110.092545,1075300
2016-06-23,114.199997,115.209999,114.0,115.199997,112.37516799999999,1383300
2016-06-24,112.139999,112.589996,109.779999,110.290001,107.58556399999999,1903400
2016-06-27,108.949997,109.269997,106.309998,107.010002,104.385994,1761100
2016-06-28,108.0,109.25,107.029999,108.480003,105.81995400000001,1332400
2016-06-29,109.970001,110.699997,109.720001,110.650002,107.93673700000001,1315800
2016-06-30,111.0,112.389999,110.209999,112.389999,109.63407099999999,1322200
2016-07-01,112.519997,113.940002,112.019997,113.389999,110.60955,1436400
2016-07-05,112.400002,112.970001,110.959999,111.480003,108.74639099999999,1087400
2016-07-06,113.5,113.510002,110.120003,111.83000200000001,109.08780700000001,1389200
2016-07-07,112.150002,112.949997,111.33000200000001,111.839996,109.097549,716200
2016-07-08,112.360001,114.970001,111.889999,114.739998,111.926445,1024000
2016-07-11,114.910004,115.5,114.209999,114.360001,111.55576299999998,988300
2016-07-12,115.239998,117.33000200000001,115.099998,116.989998,114.121269,1344400
2016-07-13,117.459999,117.66999799999999,116.339996,117.550003,114.667542,880900
2016-07-14,118.099998,118.720001,117.839996,118.349998,115.44792199999999,940400
2016-07-15,118.83000200000001,119.129997,117.160004,118.989998,116.07222,988100
2016-07-18,118.709999,119.0,118.239998,118.660004,115.750328,579500
2016-07-19,118.41999799999999,118.58000200000001,117.720001,118.18,115.28208899999998,603400
2016-07-20,118.07,118.800003,117.75,118.269997,115.36988799999999,480900
2016-07-21,118.150002,118.269997,117.349998,117.68,114.794357,660900
2016-07-22,117.650002,118.089996,117.279999,117.699997,114.81385800000001,571900
2016-07-25,117.57,117.800003,117.089996,117.739998,114.85288200000001,587800
2016-07-26,117.800003,118.58000200000001,117.489998,118.389999,115.486946,857700
2016-07-27,118.470001,118.800003,117.83000200000001,118.339996,115.43816399999999,986400
2016-07-28,115.33000200000001,117.279999,114.709999,117.110001,114.238327,1575800
2016-07-29,116.489998,116.839996,115.519997,116.540001,113.682304,1256300
2016-08-01,116.940002,116.970001,115.269997,115.900002,113.057999,1506100
2016-08-02,115.839996,116.199997,114.989998,116.050003,113.204323,1052900
2016-08-03,116.290001,116.959999,115.989998,116.58000200000001,113.721329,1156600
2016-08-04,116.449997,116.91999799999999,116.239998,116.66999799999999,113.80912,1051400
2016-08-05,117.230003,117.389999,116.57,116.709999,113.848129,846000
2016-08-08,117.07,117.57,116.449997,116.809998,113.945679,884000
2016-08-09,116.629997,117.150002,115.529999,116.91999799999999,114.052994,597200
2016-08-10,117.129997,117.389999,116.480003,116.489998,113.63353000000001,576300
2016-08-11,116.75,117.199997,116.309998,116.980003,114.111526,649700
2016-08-12,116.730003,117.949997,116.349998,116.769997,113.90666200000001,612200
2016-08-15,116.879997,118.230003,116.879997,118.029999,115.135773,551400
2016-08-16,123.029999,125.0,121.089996,121.269997,118.296318,5935800
2016-08-17,120.959999,120.989998,119.07,120.440002,117.48667900000001,2264800
2016-08-18,120.440002,121.910004,120.300003,121.889999,118.901123,1073500
2016-08-19,121.349998,122.75,120.610001,122.559998,119.55468,2162200
2016-08-22,122.129997,122.66999799999999,121.800003,122.43,119.427879,875400
2016-08-23,122.91999799999999,123.339996,122.050003,122.449997,119.44738799999999,708000
2016-08-24,121.220001,122.300003,121.050003,122.089996,119.09621399999999,795700
2016-08-25,121.989998,123.07,121.849998,123.040001,120.02291899999999,967300
2016-08-26,123.379997,123.550003,121.360001,121.82,118.83283999999999,1006600
2016-08-29,121.900002,122.769997,121.900002,122.25,119.25228899999999,727700
2016-08-30,122.440002,122.910004,122.050003,122.519997,119.515671,654000
2016-08-31,122.349998,122.470001,121.400002,122.040001,119.04744,844600
2016-09-01,122.269997,123.0,121.940002,122.849998,119.83757,1224300
2016-09-02,123.040001,123.66999799999999,122.900002,123.440002,120.413109,489600
2016-09-06,122.800003,123.360001,121.82,122.160004,119.892944,787200
2016-09-07,121.860001,122.519997,121.400002,122.239998,119.971451,731300
2016-09-08,122.269997,122.41999799999999,120.389999,120.57,118.332451,1032100
2016-09-09,120.239998,120.239998,117.410004,117.410004,115.231102,1373500
2016-09-12,116.08000200000001,119.300003,115.610001,118.529999,116.330307,4768200
2016-09-13,117.400002,120.07,116.019997,118.0,115.81015,3575700
2016-09-14,118.239998,118.379997,116.389999,116.839996,114.67166100000001,1676300
2016-09-15,116.400002,118.709999,116.239998,118.209999,116.016251,1438900
2016-09-16,117.75,118.18,117.050003,117.68,115.496086,1597700
2016-09-19,118.18,118.709999,117.779999,117.809998,115.62366499999999,846800
2016-09-20,118.660004,119.0,117.57,117.610001,115.427383,777900
2016-09-21,118.160004,118.410004,117.32,118.0,115.81015,1558300
2016-09-22,119.0,119.220001,117.889999,118.370003,116.17327900000001,1247200
2016-09-23,117.940002,118.269997,116.599998,116.839996,114.67166100000001,1558200
2016-09-26,116.760002,117.400002,116.370003,116.43,114.269279,1477400
2016-09-27,116.43,117.33000200000001,116.349998,117.0,114.828705,965400
2016-09-28,118.550003,119.5,117.730003,118.349998,116.153648,2086300
2016-09-29,118.589996,119.839996,118.410004,118.860001,116.65418999999999,1648500
2016-09-30,119.519997,121.16999799999999,118.989998,120.83000200000001,118.587631,1698300
2016-10-03,120.360001,121.57,119.83000200000001,121.239998,118.99001299999999,1708300
2016-10-04,121.300003,122.0,120.190002,120.360001,118.12635,1346300
2016-10-05,121.099998,121.32,120.099998,120.360001,118.12635,918100
2016-10-06,120.099998,121.019997,119.940002,120.849998,118.607254,913200
2016-10-07,121.160004,121.160004,118.32,118.849998,116.64437099999999,1126100
2016-10-10,120.07,120.07,118.709999,118.769997,116.56585700000001,733700
2016-10-11,118.360001,118.41999799999999,116.33000200000001,117.129997,114.956291,1095800
2016-10-12,116.989998,117.690002,116.779999,117.309998,115.13295,636700
2016-10-13,116.290001,117.309998,114.83000200000001,117.099998,114.926849,669500
2016-10-14,117.809998,118.0,117.18,117.18,115.005371,464300
2016-10-17,116.940002,117.339996,116.730003,117.08000200000001,114.907219,638300
2016-10-18,118.389999,118.849998,117.769997,118.489998,116.291054,726200
2016-10-19,118.739998,120.010002,118.209999,119.879997,117.655258,849800
2016-10-20,119.25,120.050003,118.800003,119.769997,117.547302,673000
2016-10-21,118.900002,120.139999,118.099998,119.879997,117.655258,683400
2016-10-24,120.07,120.760002,119.309998,119.559998,117.341187,617300
2016-10-25,119.5,119.5,118.33000200000001,118.529999,116.330307,599000
2016-10-26,118.089996,118.949997,117.550003,118.57,116.36956,920200
2016-10-27,118.239998,118.239998,114.699997,116.559998,114.39686599999999,2052800
2016-10-28,116.730003,118.239998,116.449997,117.440002,115.260544,1123000
2016-10-31,117.860001,118.110001,116.800003,117.059998,114.88758899999999,1258000
2016-11-01,117.160004,117.459999,115.08000200000001,115.980003,113.827629,866200
2016-11-02,115.75,116.07,114.620003,115.0,112.86581399999999,957200
2016-11-03,115.220001,115.599998,114.660004,114.839996,112.708794,759300
2016-11-04,115.18,115.400002,114.43,114.5,112.375099,855400
2016-11-07,115.959999,117.5,115.650002,117.480003,115.299797,1459300
2016-11-08,117.480003,118.410004,116.75,117.849998,115.66293300000001,763900
2016-11-09,115.660004,119.379997,115.32,118.68,116.477524,1798800
2016-11-10,118.889999,121.660004,118.889999,120.230003,117.998764,1554600
2016-11-11,119.75,120.33000200000001,117.029999,117.849998,115.66293300000001,1379000
2016-11-14,118.41999799999999,118.68,115.68,116.790001,114.62260400000001,1613400
2016-11-15,116.519997,117.129997,115.900002,117.08000200000001,114.907219,1075600
2016-11-16,117.160004,117.389999,116.589996,117.150002,114.975922,605600
2016-11-17,117.459999,117.809998,116.019997,116.290001,114.13188899999999,1035300
2016-11-18,116.25,116.519997,115.540001,115.779999,113.63134,1041200
2016-11-21,116.459999,117.120003,116.370003,116.739998,114.573532,1158200
2016-11-22,117.41999799999999,117.43,116.25,116.83000200000001,114.66186499999999,1112500
2016-11-23,116.389999,118.709999,116.099998,118.709999,116.506973,1215500
2016-11-25,118.839996,119.279999,118.690002,119.08000200000001,116.87011000000001,352000
2016-11-28,118.769997,119.07,118.480003,118.690002,116.48735,749900
2016-11-29,118.150002,123.949997,117.139999,122.18,119.912567,3835600
2016-11-30,122.559998,122.650002,120.050003,120.300003,118.067467,2108200
2016-12-01,120.58000200000001,121.029999,119.199997,119.730003,117.508049,1840600
2016-12-02,119.610001,120.410004,119.089996,119.58000200000001,117.360825,934600
2016-12-05,119.519997,120.029999,118.389999,119.760002,118.279327,1946900
2016-12-06,119.58000200000001,120.18,118.860001,119.019997,117.548477,996000
2016-12-07,119.720001,122.540001,119.400002,122.260002,120.748421,2813600
2016-12-08,122.639999,123.610001,121.940002,122.959999,121.43976599999999,1267300
2016-12-09,123.029999,124.410004,121.43,123.91999799999999,122.38789399999999,1376500
2016-12-12,124.32,124.480003,123.050003,123.480003,121.953331,872800
2016-12-13,124.150002,124.160004,122.849998,123.730003,122.200249,830500
2016-12-14,123.660004,124.199997,122.349998,122.58000200000001,121.06446100000001,995200
2016-12-15,122.440002,124.089996,122.360001,123.43,121.903954,908200
2016-12-16,123.959999,123.970001,122.120003,122.489998,120.975571,1735000
2016-12-19,122.32,123.019997,122.139999,123.0,121.479271,793500
2016-12-20,121.82,121.940002,116.470001,118.389999,116.92626200000001,4678100
2016-12-21,118.68,118.779999,117.110001,118.529999,117.06453700000002,2194300
2016-12-22,117.889999,117.889999,116.129997,117.190002,115.741104,1732100
2016-12-23,116.900002,117.629997,116.290001,117.589996,116.136154,936000
2016-12-27,117.959999,118.690002,117.68,118.550003,117.08429,703600
2016-12-28,118.83000200000001,119.43,117.400002,117.480003,116.027519,747300
2016-12-29,117.639999,118.0,117.25,117.410004,115.958382,574800
2016-12-30,117.230003,117.400002,116.440002,117.190002,115.741104,984800
2017-01-03,117.970001,118.220001,116.120003,116.900002,115.45468899999999,2364200
2017-01-04,117.370003,117.410004,116.449997,116.849998,115.40529599999999,1564800
2017-01-05,116.239998,116.389999,115.0,115.66999799999999,114.239899,1756500
2017-01-06,115.720001,116.400002,115.139999,116.199997,114.76334399999999,1907500
2017-01-09,116.470001,117.230003,115.970001,116.550003,115.109016,1143700
2017-01-10,116.790001,116.970001,115.690002,115.849998,114.41766399999999,928300
2017-01-11,115.779999,117.0,115.099998,116.91999799999999,115.474442,995100
2017-01-12,117.0,117.550003,116.529999,117.25,115.800362,1102600
2017-01-13,117.230003,117.639999,116.730003,117.08000200000001,115.63246200000002,1088300
2017-01-17,116.620003,117.220001,116.360001,116.91999799999999,115.474442,1424300
2017-01-18,116.709999,117.120003,116.470001,116.599998,115.158394,1386400
2017-01-19,116.510002,116.900002,115.82,116.099998,114.66458100000001,1965400
2017-01-20,116.18,117.389999,115.879997,117.389999,115.938629,1295500
2017-01-23,117.209999,117.589996,116.489998,116.68,115.237404,1750400
2017-01-24,117.199997,118.230003,117.0,117.690002,116.23492399999999,3539800
2017-01-25,117.889999,120.190002,117.279999,119.57,118.091675,3917600
2017-01-26,116.540001,119.760002,115.709999,119.5,118.02253700000001,1980500
2017-01-27,120.449997,121.0,119.5,120.199997,118.71388200000001,1739300
2017-01-30,119.360001,119.529999,117.860001,119.300003,117.82502,1649800
2017-01-31,118.760002,118.879997,118.059998,118.440002,116.975647,1356800
2017-02-01,117.32,118.459999,117.139999,117.949997,116.491699,1324400
2017-02-02,116.879997,117.339996,116.540001,116.620003,115.178146,1705100
2017-02-03,116.910004,117.760002,116.809998,117.470001,116.01763899999999,1120900
2017-02-06,117.059998,117.110001,116.07,116.440002,115.000374,1448000
2017-02-07,115.860001,116.739998,115.540001,116.300003,114.86210600000001,1582800
2017-02-08,115.959999,116.629997,115.529999,116.300003,114.86210600000001,891600
2017-02-09,116.300003,116.739998,115.599998,115.760002,114.328781,1030400
2017-02-10,116.199997,116.58000200000001,115.760002,116.230003,114.792976,1247500
2017-02-13,116.970001,117.949997,116.599998,117.440002,115.98800700000001,1059300
2017-02-14,116.790001,117.589996,115.879997,117.32,115.869492,767600
2017-02-15,116.91999799999999,117.739998,116.709999,117.589996,116.136154,884700
2017-02-16,117.699997,118.230003,117.120003,117.5,116.04726399999998,1810700
2017-02-17,117.660004,117.910004,117.269997,117.41999799999999,115.968254,906000
2017-02-21,117.300003,118.949997,117.040001,118.309998,116.847252,1600600
2017-02-22,117.82,118.540001,117.550003,117.790001,116.33368700000001,861700
2017-02-23,118.010002,118.470001,117.660004,118.059998,116.600342,853800
2017-02-24,117.110001,118.239998,116.83000200000001,118.110001,116.649727,833400
2017-02-27,118.0,119.709999,117.800003,118.519997,117.054649,1737000
2017-02-28,118.07,119.120003,117.349998,118.709999,117.24231,1616100
2017-03-01,119.779999,120.620003,119.32,120.360001,118.871902,1283100
2017-03-02,120.33000200000001,120.620003,118.68,118.779999,117.31143999999999,1064600
2017-03-03,118.029999,118.059998,117.370003,117.599998,116.9217,1076300
2017-03-06,117.16999799999999,118.32,117.139999,117.730003,117.05095700000001,1203300
2017-03-07,117.629997,119.040001,117.279999,118.790001,118.10484299999999,1676500
2017-03-08,118.199997,119.610001,118.160004,118.57,117.88610800000001,2717000
2017-03-09,118.150002,118.699997,116.610001,116.989998,116.315224,1728800
2017-03-10,117.529999,117.68,116.879997,116.949997,116.275452,1407300
2017-03-13,117.339996,117.339996,115.989998,116.720001,116.046783,1580600
2017-03-14,116.41999799999999,117.190002,116.220001,116.650002,115.97718799999998,1455800
2017-03-15,117.300003,118.949997,116.699997,118.620003,117.935822,1606300
2017-03-16,118.690002,119.190002,117.040001,117.120003,116.444473,1567400
2017-03-17,117.720001,118.480003,117.559998,118.32,117.63755,2297100
2017-03-20,118.41999799999999,118.709999,117.980003,118.239998,117.55801399999999,643400
2017-03-21,118.279999,118.639999,116.599998,116.949997,116.275452,1047100
2017-03-22,116.75,117.480003,116.279999,117.07,116.39476,1103500
2017-03-23,116.949997,118.150002,116.470001,117.639999,116.961472,781100
2017-03-24,117.540001,118.120003,116.150002,116.410004,115.738571,850600
2017-03-27,115.800003,118.220001,115.66999799999999,117.889999,117.21003,1309200
2017-03-28,118.559998,119.400002,117.739998,118.779999,118.094894,2120500
2017-03-29,118.690002,119.610001,118.290001,118.379997,117.69720500000001,1306000
2017-03-30,118.120003,119.599998,118.040001,118.599998,117.91593200000001,1732200
2017-03-31,118.230003,119.470001,118.089996,118.599998,117.91593200000001,1469700
2017-04-03,118.75,119.25,117.110001,118.0,117.319397,1825500
2017-04-04,118.459999,119.58000200000001,118.07,119.269997,118.58206899999999,1006400
2017-04-05,120.0,120.0,117.900002,118.129997,117.448647,1440000
2017-04-06,118.379997,119.75,118.199997,119.370003,118.681496,1238600
2017-04-07,119.150002,119.5,118.459999,118.849998,118.16448999999999,1076500
2017-04-10,118.66999799999999,119.93,118.0,119.57,118.88034099999999,686500
2017-04-11,119.230003,119.540001,118.639999,119.18,118.49259199999999,1019400
2017-04-12,118.690002,119.279999,118.050003,118.230003,117.548073,904000
2017-04-13,118.010002,118.82,117.400002,117.470001,116.79245800000001,818600
2017-04-17,117.760002,118.839996,117.43,118.050003,117.36911,660900
2017-04-18,118.050003,118.709999,117.610001,118.32,117.63755,1498300
2017-04-19,119.199997,119.400002,117.849998,118.160004,117.478477,1120300
2017-04-20,118.730003,120.050003,118.309998,119.730003,119.03942099999999,1034700
2017-04-21,119.709999,120.07,119.07,119.58000200000001,118.890289,853900
2017-04-24,121.440002,123.120003,121.099998,123.010002,122.300499,1896700
2017-04-25,123.540001,124.75,123.150002,124.699997,123.980751,1672900
2017-04-26,124.519997,125.910004,124.110001,125.110001,124.38838999999999,1536000
2017-04-27,123.199997,125.970001,120.019997,125.480003,124.75625600000001,1653700
2017-04-28,125.120003,125.66999799999999,124.110001,124.980003,124.25913999999999,1521100
2017-05-01,125.389999,125.5,124.510002,124.959999,124.23925,939300
2017-05-02,125.440002,125.620003,124.510002,125.57,124.84573400000001,1291900
2017-05-03,125.379997,125.860001,125.040001,125.529999,124.80596200000001,1000200
2017-05-04,125.790001,126.360001,125.43,126.32,125.591408,1459700
2017-05-05,126.620003,129.529999,126.33000200000001,129.479996,128.73318500000002,2035500
2017-05-08,128.389999,129.28999299999998,128.320007,129.08999599999999,128.345428,1005500
2017-05-09,129.110001,129.429993,128.520004,128.619995,127.87813600000001,861300
2017-05-10,128.570007,129.21000700000002,128.199997,129.169998,128.424973,830400
2017-05-11,128.990005,129.33999599999999,128.0,129.08999599999999,128.345428,898500
2017-05-12,128.690002,129.96000700000002,128.630005,129.720001,128.971802,1110800
2017-05-15,129.96000700000002,130.440002,129.440002,130.169998,129.419205,2034700
2017-05-16,130.320007,131.740005,130.320007,131.029999,130.274246,1764800
2017-05-17,131.029999,131.029999,128.809998,128.820007,128.076996,1341600
2017-05-18,124.459999,128.600006,122.900002,128.369995,127.62957800000001,2094600
2017-05-19,128.770004,129.58999599999999,128.399994,129.229996,128.48461899999998,1080900
2017-05-22,129.949997,130.199997,129.21000700000002,129.820007,129.071228,689000
2017-05-23,130.149994,130.479996,129.330002,129.970001,129.220352,801100
2017-05-24,130.020004,133.679993,129.41000400000001,132.270004,131.507095,2260700
2017-05-25,133.130005,133.199997,131.630005,131.929993,131.169037,1323900
2017-05-26,131.83999599999999,132.220001,131.389999,131.970001,131.20881699999998,957200
2017-05-30,131.639999,131.649994,130.990005,131.58999599999999,130.831009,1721600
2017-05-31,131.679993,132.380005,131.259995,132.28999299999998,131.526962,1020100
2017-06-01,132.5,138.690002,132.08999599999999,134.08999599999999,133.316589,2287500
2017-06-02,134.570007,137.860001,134.16000400000001,136.619995,135.832001,2348600
2017-06-05,136.0,136.41000400000001,133.220001,133.419998,133.419998,1766700
2017-06-06,132.800003,134.149994,132.429993,133.28999299999998,133.28999299999998,1082800
2017-06-07,134.559998,135.21000700000002,132.690002,133.080002,133.080002,1729200
2017-06-08,133.080002,133.320007,131.770004,132.979996,132.979996,1545300
2017-06-09,133.559998,136.229996,133.53999299999998,136.190002,136.190002,1837200
2017-06-12,136.25,137.0,134.71000700000002,134.970001,134.970001,1388400
2017-06-13,134.800003,136.41000400000001,134.759995,136.279999,136.279999,1013200
2017-06-14,136.270004,136.46000700000002,134.759995,135.190002,135.190002,870500
2017-06-15,134.110001,135.130005,133.779999,134.860001,134.860001,1176800
2017-06-16,135.33999599999999,136.020004,134.630005,136.0,136.0,1816900
2017-06-19,136.5,136.96000700000002,136.020004,136.46000700000002,136.46000700000002,1263200
2017-06-20,135.889999,136.509995,134.570007,134.759995,134.759995,1461200
2017-06-21,135.100006,135.270004,132.779999,132.860001,132.860001,1059200
2017-06-22,132.860001,133.399994,132.28999299999998,132.470001,132.470001,1975200
2017-06-23,132.490005,133.809998,132.28999299999998,132.800003,132.800003,1878800
2017-06-26,133.149994,133.190002,132.220001,132.880005,132.880005,768600
2017-06-27,133.309998,133.309998,132.029999,132.229996,132.229996,833800
2017-06-28,133.309998,134.110001,132.66000400000001,133.639999,133.639999,1133400
2017-06-29,133.75,133.800003,131.100006,131.669998,131.669998,976600
2017-06-30,131.940002,133.199997,131.33999599999999,132.550003,132.550003,1492000
2017-07-03,132.28999299999998,134.820007,132.28999299999998,134.179993,134.179993,903000
2017-07-05,134.220001,134.53999299999998,132.190002,132.66000400000001,132.66000400000001,1071600
2017-07-06,132.449997,133.300003,132.330002,132.429993,132.429993,1598900
2017-07-07,132.529999,133.270004,131.820007,133.059998,133.059998,1187700
2017-07-10,132.649994,134.08999599999999,132.490005,133.33999599999999,133.33999599999999,737700
2017-07-11,133.28999299999998,133.5,132.429993,132.96000700000002,132.96000700000002,657000
2017-07-12,134.389999,134.479996,133.649994,133.820007,133.820007,1252700
2017-07-13,133.779999,134.21000700000002,133.28999299999998,133.580002,133.580002,870700
2017-07-14,134.059998,134.679993,133.550003,134.309998,134.309998,1078300
2017-07-17,134.5,134.91000400000001,134.08999599999999,134.53999299999998,134.53999299999998,1190900
2017-07-18,134.270004,134.490005,133.46000700000002,134.16000400000001,134.16000400000001,848400
2017-07-19,134.16000400000001,135.699997,133.949997,135.619995,135.619995,726500
2017-07-20,135.570007,135.899994,134.639999,135.21000700000002,135.21000700000002,925700
2017-07-21,135.100006,135.309998,134.429993,134.740005,134.740005,813900
2017-07-24,134.809998,135.570007,134.399994,135.220001,135.220001,917100
2017-07-25,136.369995,136.58999599999999,135.330002,135.860001,135.860001,1009800
2017-07-26,135.33999599999999,135.800003,134.380005,135.029999,135.029999,1141200
2017-07-27,135.0,135.570007,131.800003,132.71000700000002,132.71000700000002,1812900
2017-07-28,132.71000700000002,133.360001,130.899994,132.259995,132.259995,1486900
2017-07-31,132.46000700000002,132.46000700000002,129.46000700000002,130.16000400000001,130.16000400000001,2094700
2017-08-01,131.119995,132.270004,129.940002,130.71000700000002,130.71000700000002,1783300
2017-08-02,130.649994,131.0,130.009995,130.600006,130.600006,963400
2017-08-03,130.66000400000001,130.820007,129.940002,130.320007,130.320007,698700
2017-08-04,130.320007,130.71000700000002,129.619995,130.149994,130.149994,1143600
2017-08-07,130.389999,130.53999299999998,129.889999,130.220001,130.220001,521900
2017-08-08,130.08999599999999,130.08999599999999,128.259995,128.580002,128.580002,1137200
2017-08-09,128.470001,128.96000700000002,127.900002,128.860001,128.860001,1357700
2017-08-10,128.490005,128.929993,127.58000200000001,127.620003,127.620003,1130500
2017-08-11,127.68,128.490005,127.360001,127.440002,127.440002,583000
2017-08-14,128.529999,131.16000400000001,128.529999,131.059998,131.059998,1647000
2017-08-15,130.820007,131.679993,130.66000400000001,131.470001,131.470001,1030100
2017-08-16,131.639999,134.149994,131.600006,133.58999599999999,133.58999599999999,1771000
2017-08-17,133.570007,133.820007,131.58999599999999,131.78999299999998,131.78999299999998,980200
2017-08-18,131.779999,132.479996,131.0,132.300003,132.300003,935100
2017-08-21,131.619995,132.050003,130.979996,131.21000700000002,131.21000700000002,1034100
2017-08-22,132.080002,133.190002,132.059998,132.75,132.75,910500
2017-08-23,132.630005,133.419998,131.690002,132.380005,132.380005,826800
2017-08-24,132.729996,132.979996,131.809998,132.149994,132.149994,624200
2017-08-25,132.369995,132.979996,132.080002,132.419998,132.419998,527600
2017-08-28,132.600006,132.869995,131.520004,132.080002,132.080002,474300
